cohort,projection_seed,accuracy_none,accuracy_l2,accuracy_delta_none_minus_l2,precision_none,precision_l2,precision_delta_none_minus_l2,recall_none,recall_l2,recall_delta_none_minus_l2,f1_none,f1_l2,f1_delta_none_minus_l2,auc_none,auc_l2,auc_delta_none_minus_l2
full_dna,0,0.8635294117647058,0.8635294117647058,0.0,0.8693150769079562,0.8647417204398627,0.004573356468093426,0.863529411764706,0.8705882352941176,-0.007058823529411562,0.861535172634843,0.8621916168549545,-0.0006564442201114629,0.9307958477508649,0.9296885813148791,0.0011072664359857987
full_dna,1,0.8752941176470587,0.8764705882352942,-0.0011764705882355564,0.8805614767757183,0.8813370948684585,-0.0007756180927401823,0.8823529411764706,0.8823529411764706,0.0,0.8762735871863008,0.8768942653673504,-0.0006206781810496054,0.9366089965397922,0.9417301038062282,-0.005121107266435998
full_dna,2,0.8764705882352941,0.8811764705882353,-0.004705882352941226,0.8740935471477268,0.8746749806780766,-0.0005814335303497842,0.8870588235294118,0.8988235294117648,-0.01176470588235301,0.8757332936745701,0.881130510836493,-0.005397217161922874,0.9342560553633217,0.9345328719723183,-0.00027681660899658844
full_dna,3,0.8929411764705882,0.8929411764705881,1.1102230246251565e-16,0.8959512752469407,0.8924492112634528,0.0035020639834879574,0.8917647058823529,0.896470588235294,-0.004705882352941115,0.8913345810385658,0.8916427100231652,-0.0003081289845994206,0.9392387543252595,0.9439446366782006,-0.004705882352941115
full_dna,4,0.8858823529411766,0.8764705882352941,0.009411764705882453,0.8988297258297259,0.8860547680733439,0.012774957756381933,0.8776470588235294,0.8729411764705882,0.004705882352941226,0.8835188974900351,0.8740672626096075,0.00945163488042755,0.9303806228373702,0.9320415224913495,-0.0016608996539793086
full_dna,42,0.8682352941176471,0.8670588235294118,0.0011764705882353343,0.8812717578259375,0.8748962848297214,0.006375472996216103,0.8635294117647058,0.868235294117647,-0.004705882352941226,0.8670138929780894,0.8666117126702296,0.00040218030785976744,0.9180622837370243,0.9206920415224913,-0.002629757785467035
paper_common,0,0.9014252873563219,0.8972413793103448,0.004183908045977125,0.8816525816804455,0.8760277900633939,0.005624791617051539,0.9460000000000001,0.9460000000000001,0.0,0.9091567217307255,0.9060958363795176,0.0030608853512078538,0.9770981684981686,0.9758380952380954,0.001260073260073158
paper_common,1,0.921655172413793,0.9190344827586207,0.00262068965517237,0.8913726019422613,0.8887949965411265,0.0025776054011348304,0.9738333333333334,0.9715,0.0023333333333334094,0.9285152473501621,0.9262161779600437,0.002299069390118369,0.9861328449328449,0.9853965811965812,0.0007362637362636759
paper_common,2,0.9150804597701149,0.9177011494252874,-0.002620689655172481,0.8872186593935821,0.8905829524792374,-0.0033642930856552233,0.9665,0.9665,0.0,0.9226919723024545,0.9247658200233612,-0.0020738477209066852,0.9843967643467643,0.9836568376068376,0.0007399267399266218
paper_common,3,0.9313103448275862,0.9245057471264367,0.006804597701149495,0.9072269587997143,0.89506817949852,0.012158779301194245,0.9765,0.9765,0.0,0.9375452601372907,0.9315409450125148,0.006004315124775839,0.9882821123321124,0.9888196581196581,-0.0005375457875457235
paper_common,4,0.9244137931034483,0.9177011494252874,0.0067126436781609344,0.8931313578062805,0.8872528379772963,0.005878519828984241,0.9765,0.9715,0.0050000000000000044,0.9312471388528445,0.9254856767731532,0.005761462079691304,0.9882630036630037,0.9868069597069598,0.0014560439560439287
paper_common,42,0.9092413793103448,0.9188045977011494,-0.00956321839080465,0.8833091306698116,0.8981071740437067,-0.014798043373895009,0.9565,0.9565,0.0,0.9168880781152586,0.9246725620777181,-0.007784483962459454,0.9763568376068377,0.9792130647130647,-0.002856227106227016
