cohort,variant,projection_seed,dataset,split_seed,accuracy,precision,recall,f1,auc
full_dna,none,0,valid_llm_relation_enriched_seed0,0,0.8529411764705882,0.9285714285714286,0.7647058823529411,0.8387096774193549,0.9515570934256055
full_dna,l2,0,valid_llm_relation_enriched_seed0,0,0.8529411764705882,0.9285714285714286,0.7647058823529411,0.8387096774193549,0.944636678200692
full_dna,none,1,valid_llm_relation_enriched_seed0,0,0.8235294117647058,0.8666666666666667,0.7647058823529411,0.8125,0.9377162629757785
full_dna,l2,1,valid_llm_relation_enriched_seed0,0,0.8235294117647058,0.8666666666666667,0.7647058823529411,0.8125,0.944636678200692
full_dna,none,2,valid_llm_relation_enriched_seed0,0,0.9705882352941176,0.9444444444444444,1.0,0.9714285714285714,0.9930795847750865
full_dna,l2,2,valid_llm_relation_enriched_seed0,0,0.9705882352941176,0.9444444444444444,1.0,0.9714285714285714,0.9930795847750865
full_dna,none,3,valid_llm_relation_enriched_seed0,0,0.9117647058823529,0.9375,0.8823529411764706,0.9090909090909091,0.9792387543252594
full_dna,l2,3,valid_llm_relation_enriched_seed0,0,0.9117647058823529,0.9375,0.8823529411764706,0.9090909090909091,0.9792387543252594
full_dna,none,4,valid_llm_relation_enriched_seed0,0,0.8529411764705882,0.8333333333333334,0.8823529411764706,0.8571428571428571,0.9653979238754324
full_dna,l2,4,valid_llm_relation_enriched_seed0,0,0.8529411764705882,0.8333333333333334,0.8823529411764706,0.8571428571428571,0.9653979238754324
full_dna,none,42,valid_llm_relation_enriched_seed0,0,0.8823529411764706,1.0,0.7647058823529411,0.8666666666666667,0.9377162629757785
full_dna,l2,42,valid_llm_relation_enriched_seed0,0,0.8823529411764706,1.0,0.7647058823529411,0.8666666666666667,0.9377162629757785
full_dna,none,0,valid_llm_relation_enriched_seed0,1,0.8823529411764706,0.8095238095238095,1.0,0.8947368421052632,0.986159169550173
full_dna,l2,0,valid_llm_relation_enriched_seed0,1,0.8823529411764706,0.8095238095238095,1.0,0.8947368421052632,0.9861591695501729
full_dna,none,1,valid_llm_relation_enriched_seed0,1,0.8529411764705882,0.7727272727272727,1.0,0.8717948717948718,0.986159169550173
full_dna,l2,1,valid_llm_relation_enriched_seed0,1,0.8823529411764706,0.8095238095238095,1.0,0.8947368421052632,0.9861591695501729
full_dna,none,2,valid_llm_relation_enriched_seed0,1,0.8529411764705882,0.7727272727272727,1.0,0.8717948717948718,0.9792387543252594
full_dna,l2,2,valid_llm_relation_enriched_seed0,1,0.8529411764705882,0.7727272727272727,1.0,0.8717948717948718,0.986159169550173
full_dna,none,3,valid_llm_relation_enriched_seed0,1,0.9117647058823529,0.85,1.0,0.918918918918919,1.0
full_dna,l2,3,valid_llm_relation_enriched_seed0,1,0.9411764705882353,0.8947368421052632,1.0,0.9444444444444444,1.0
full_dna,none,4,valid_llm_relation_enriched_seed0,1,0.8529411764705882,0.7727272727272727,1.0,0.8717948717948718,0.986159169550173
full_dna,l2,4,valid_llm_relation_enriched_seed0,1,0.8529411764705882,0.7727272727272727,1.0,0.8717948717948718,0.9930795847750865
full_dna,none,42,valid_llm_relation_enriched_seed0,1,0.8823529411764706,0.8095238095238095,1.0,0.8947368421052632,0.9826989619377162
full_dna,l2,42,valid_llm_relation_enriched_seed0,1,0.8823529411764706,0.8095238095238095,1.0,0.8947368421052632,0.9826989619377162
full_dna,none,0,valid_llm_relation_enriched_seed0,2,0.8823529411764706,1.0,0.7647058823529411,0.8666666666666667,0.8235294117647058
full_dna,l2,0,valid_llm_relation_enriched_seed0,2,0.8529411764705882,0.9285714285714286,0.7647058823529411,0.8387096774193549,0.8062283737024221
full_dna,none,1,valid_llm_relation_enriched_seed0,2,0.8529411764705882,0.9285714285714286,0.7647058823529411,0.8387096774193549,0.8235294117647058
full_dna,l2,1,valid_llm_relation_enriched_seed0,2,0.8529411764705882,0.9285714285714286,0.7647058823529411,0.8387096774193549,0.8235294117647058
full_dna,none,2,valid_llm_relation_enriched_seed0,2,0.8823529411764706,1.0,0.7647058823529411,0.8666666666666667,0.8304498269896193
full_dna,l2,2,valid_llm_relation_enriched_seed0,2,0.8823529411764706,1.0,0.7647058823529411,0.8666666666666667,0.8269896193771626
full_dna,none,3,valid_llm_relation_enriched_seed0,2,0.8529411764705882,0.9285714285714286,0.7647058823529411,0.8387096774193549,0.8408304498269896
full_dna,l2,3,valid_llm_relation_enriched_seed0,2,0.8529411764705882,0.9285714285714286,0.7647058823529411,0.8387096774193549,0.8650519031141868
full_dna,none,4,valid_llm_relation_enriched_seed0,2,0.8235294117647058,0.8666666666666667,0.7647058823529411,0.8125,0.7820069204152248
full_dna,l2,4,valid_llm_relation_enriched_seed0,2,0.8235294117647058,0.8666666666666667,0.7647058823529411,0.8125,0.7923875432525951
full_dna,none,42,valid_llm_relation_enriched_seed0,2,0.8529411764705882,0.9285714285714286,0.7647058823529411,0.8387096774193549,0.7820069204152248
full_dna,l2,42,valid_llm_relation_enriched_seed0,2,0.8529411764705882,0.9285714285714286,0.7647058823529411,0.8387096774193549,0.7820069204152248
full_dna,none,0,valid_llm_relation_enriched_seed0,3,0.9117647058823529,0.85,1.0,0.918918918918919,0.9688581314878892
full_dna,l2,0,valid_llm_relation_enriched_seed0,3,0.9117647058823529,0.85,1.0,0.918918918918919,0.9688581314878892
full_dna,none,1,valid_llm_relation_enriched_seed0,3,0.7941176470588235,0.7777777777777778,0.8235294117647058,0.8,0.9480968858131487
full_dna,l2,1,valid_llm_relation_enriched_seed0,3,0.7941176470588235,0.7777777777777778,0.8235294117647058,0.8,0.958477508650519
full_dna,none,2,valid_llm_relation_enriched_seed0,3,0.7941176470588235,0.7777777777777778,0.8235294117647058,0.8,0.958477508650519
full_dna,l2,2,valid_llm_relation_enriched_seed0,3,0.8823529411764706,0.8095238095238095,1.0,0.8947368421052632,0.9688581314878892
full_dna,none,3,valid_llm_relation_enriched_seed0,3,0.8235294117647058,0.8235294117647058,0.8235294117647058,0.8235294117647058,0.9688581314878892
full_dna,l2,3,valid_llm_relation_enriched_seed0,3,0.8235294117647058,0.8235294117647058,0.8235294117647058,0.8235294117647058,0.9688581314878892
full_dna,none,4,valid_llm_relation_enriched_seed0,3,0.8823529411764706,0.9333333333333333,0.8235294117647058,0.875,0.9273356401384083
full_dna,l2,4,valid_llm_relation_enriched_seed0,3,0.8529411764705882,0.875,0.8235294117647058,0.8484848484848485,0.9377162629757785
full_dna,none,42,valid_llm_relation_enriched_seed0,3,0.8235294117647058,0.8235294117647058,0.8235294117647058,0.8235294117647058,0.8858131487889273
full_dna,l2,42,valid_llm_relation_enriched_seed0,3,0.8235294117647058,0.8235294117647058,0.8235294117647058,0.8235294117647058,0.8858131487889273
full_dna,none,0,valid_llm_relation_enriched_seed0,4,0.8529411764705882,0.8,0.9411764705882353,0.8648648648648649,0.9273356401384083
full_dna,l2,0,valid_llm_relation_enriched_seed0,4,0.8529411764705882,0.8,0.9411764705882353,0.8648648648648649,0.9273356401384083
full_dna,none,1,valid_llm_relation_enriched_seed0,4,0.8529411764705882,0.875,0.8235294117647058,0.8484848484848485,0.9377162629757785
full_dna,l2,1,valid_llm_relation_enriched_seed0,4,0.8235294117647058,0.7619047619047619,0.9411764705882353,0.8421052631578947,0.9377162629757786
full_dna,none,2,valid_llm_relation_enriched_seed0,4,0.9117647058823529,0.8888888888888888,0.9411764705882353,0.9142857142857143,0.9446366782006921
full_dna,l2,2,valid_llm_relation_enriched_seed0,4,0.8823529411764706,0.8421052631578947,0.9411764705882353,0.8888888888888888,0.9480968858131488
full_dna,none,3,valid_llm_relation_enriched_seed0,4,0.9705882352941176,1.0,0.9411764705882353,0.9696969696969697,0.9446366782006921
full_dna,l2,3,valid_llm_relation_enriched_seed0,4,0.9705882352941176,1.0,0.9411764705882353,0.9696969696969697,0.9480968858131488
full_dna,none,4,valid_llm_relation_enriched_seed0,4,0.9117647058823529,0.8888888888888888,0.9411764705882353,0.9142857142857143,0.9411764705882353
full_dna,l2,4,valid_llm_relation_enriched_seed0,4,0.8823529411764706,0.8421052631578947,0.9411764705882353,0.8888888888888888,0.9411764705882353
full_dna,none,42,valid_llm_relation_enriched_seed0,4,0.9117647058823529,0.8888888888888888,0.9411764705882353,0.9142857142857143,0.9480968858131488
full_dna,l2,42,valid_llm_relation_enriched_seed0,4,0.8823529411764706,0.8421052631578947,0.9411764705882353,0.8888888888888888,0.9515570934256056
full_dna,none,0,valid_llm_relation_enriched_seed1,0,0.8529411764705882,0.8333333333333334,0.8823529411764706,0.8571428571428571,0.958477508650519
full_dna,l2,0,valid_llm_relation_enriched_seed1,0,0.8529411764705882,0.8333333333333334,0.8823529411764706,0.8571428571428571,0.9515570934256055
full_dna,none,1,valid_llm_relation_enriched_seed1,0,0.9705882352941176,0.9444444444444444,1.0,0.9714285714285714,0.9930795847750865
full_dna,l2,1,valid_llm_relation_enriched_seed1,0,0.9705882352941176,0.9444444444444444,1.0,0.9714285714285714,1.0
full_dna,none,2,valid_llm_relation_enriched_seed1,0,0.9117647058823529,0.85,1.0,0.918918918918919,1.0
full_dna,l2,2,valid_llm_relation_enriched_seed1,0,0.9411764705882353,0.8947368421052632,1.0,0.9444444444444444,0.9930795847750865
full_dna,none,3,valid_llm_relation_enriched_seed1,0,0.9117647058823529,0.85,1.0,0.918918918918919,0.972318339100346
full_dna,l2,3,valid_llm_relation_enriched_seed1,0,0.9117647058823529,0.85,1.0,0.918918918918919,0.972318339100346
full_dna,none,4,valid_llm_relation_enriched_seed1,0,0.9411764705882353,1.0,0.8823529411764706,0.9375,1.0
full_dna,l2,4,valid_llm_relation_enriched_seed1,0,0.9411764705882353,1.0,0.8823529411764706,0.9375,0.9792387543252594
full_dna,none,42,valid_llm_relation_enriched_seed1,0,0.8823529411764706,0.8823529411764706,0.8823529411764706,0.8823529411764706,0.9792387543252594
full_dna,l2,42,valid_llm_relation_enriched_seed1,0,0.9411764705882353,0.8947368421052632,1.0,0.9444444444444444,0.986159169550173
full_dna,none,0,valid_llm_relation_enriched_seed1,1,0.9411764705882353,0.8947368421052632,1.0,0.9444444444444444,1.0
full_dna,l2,0,valid_llm_relation_enriched_seed1,1,0.9117647058823529,0.85,1.0,0.918918918918919,0.9930795847750865
full_dna,none,1,valid_llm_relation_enriched_seed1,1,0.9705882352941176,0.9444444444444444,1.0,0.9714285714285714,1.0
full_dna,l2,1,valid_llm_relation_enriched_seed1,1,0.9705882352941176,0.9444444444444444,1.0,0.9714285714285714,1.0
full_dna,none,2,valid_llm_relation_enriched_seed1,1,1.0,1.0,1.0,1.0,1.0
full_dna,l2,2,valid_llm_relation_enriched_seed1,1,1.0,1.0,1.0,1.0,1.0
full_dna,none,3,valid_llm_relation_enriched_seed1,1,1.0,1.0,1.0,1.0,1.0
full_dna,l2,3,valid_llm_relation_enriched_seed1,1,0.9705882352941176,0.9444444444444444,1.0,0.9714285714285714,1.0
full_dna,none,4,valid_llm_relation_enriched_seed1,1,0.9705882352941176,0.9444444444444444,1.0,0.9714285714285714,1.0
full_dna,l2,4,valid_llm_relation_enriched_seed1,1,0.9705882352941176,0.9444444444444444,1.0,0.9714285714285714,1.0
full_dna,none,42,valid_llm_relation_enriched_seed1,1,0.8823529411764706,0.8823529411764706,0.8823529411764706,0.8823529411764706,0.986159169550173
full_dna,l2,42,valid_llm_relation_enriched_seed1,1,0.8823529411764706,0.8823529411764706,0.8823529411764706,0.8823529411764706,0.986159169550173
full_dna,none,0,valid_llm_relation_enriched_seed1,2,0.7352941176470589,0.7857142857142857,0.6470588235294118,0.7096774193548387,0.7820069204152249
full_dna,l2,0,valid_llm_relation_enriched_seed1,2,0.7647058823529411,0.8461538461538461,0.6470588235294118,0.7333333333333333,0.7889273356401384
full_dna,none,1,valid_llm_relation_enriched_seed1,2,0.8823529411764706,1.0,0.7647058823529411,0.8666666666666667,0.7785467128027681
full_dna,l2,1,valid_llm_relation_enriched_seed1,2,0.8823529411764706,1.0,0.7647058823529411,0.8666666666666667,0.7889273356401383
full_dna,none,2,valid_llm_relation_enriched_seed1,2,0.7352941176470589,0.7857142857142857,0.6470588235294118,0.7096774193548387,0.7716262975778546
full_dna,l2,2,valid_llm_relation_enriched_seed1,2,0.7352941176470589,0.7857142857142857,0.6470588235294118,0.7096774193548387,0.7647058823529411
full_dna,none,3,valid_llm_relation_enriched_seed1,2,0.8529411764705882,0.9285714285714286,0.7647058823529411,0.8387096774193549,0.8166089965397922
full_dna,l2,3,valid_llm_relation_enriched_seed1,2,0.8529411764705882,0.9285714285714286,0.7647058823529411,0.8387096774193549,0.8269896193771626
full_dna,none,4,valid_llm_relation_enriched_seed1,2,0.8235294117647058,0.8666666666666667,0.7647058823529411,0.8125,0.7923875432525951
full_dna,l2,4,valid_llm_relation_enriched_seed1,2,0.7647058823529411,0.8461538461538461,0.6470588235294118,0.7333333333333333,0.8027681660899655
full_dna,none,42,valid_llm_relation_enriched_seed1,2,0.8235294117647058,1.0,0.6470588235294118,0.7857142857142857,0.7993079584775087
full_dna,l2,42,valid_llm_relation_enriched_seed1,2,0.7941176470588235,0.9166666666666666,0.6470588235294118,0.7586206896551724,0.8096885813148789
full_dna,none,0,valid_llm_relation_enriched_seed1,3,0.8529411764705882,0.875,0.8235294117647058,0.8484848484848485,0.944636678200692
full_dna,l2,0,valid_llm_relation_enriched_seed1,3,0.8529411764705882,0.875,0.8235294117647058,0.8484848484848485,0.944636678200692
full_dna,none,1,valid_llm_relation_enriched_seed1,3,0.8823529411764706,0.9333333333333333,0.8235294117647058,0.875,0.9550173010380623
full_dna,l2,1,valid_llm_relation_enriched_seed1,3,0.8823529411764706,0.9333333333333333,0.8235294117647058,0.875,0.9757785467128027
full_dna,none,2,valid_llm_relation_enriched_seed1,3,0.7941176470588235,0.7777777777777778,0.8235294117647058,0.8,0.8754325259515571
full_dna,l2,2,valid_llm_relation_enriched_seed1,3,0.7941176470588235,0.7777777777777778,0.8235294117647058,0.8,0.8754325259515571
full_dna,none,3,valid_llm_relation_enriched_seed1,3,0.8529411764705882,0.875,0.8235294117647058,0.8484848484848485,0.8442906574394463
full_dna,l2,3,valid_llm_relation_enriched_seed1,3,0.8529411764705882,0.875,0.8235294117647058,0.8484848484848485,0.8442906574394463
full_dna,none,4,valid_llm_relation_enriched_seed1,3,0.8823529411764706,0.9333333333333333,0.8235294117647058,0.875,0.8858131487889273
full_dna,l2,4,valid_llm_relation_enriched_seed1,3,0.8823529411764706,0.9333333333333333,0.8235294117647058,0.875,0.8961937716262975
full_dna,none,42,valid_llm_relation_enriched_seed1,3,0.8823529411764706,0.9333333333333333,0.8235294117647058,0.875,0.8650519031141868
full_dna,l2,42,valid_llm_relation_enriched_seed1,3,0.8823529411764706,0.9333333333333333,0.8235294117647058,0.875,0.8442906574394463
full_dna,none,0,valid_llm_relation_enriched_seed1,4,0.8235294117647058,0.8235294117647058,0.8235294117647058,0.8235294117647058,0.8650519031141868
full_dna,l2,0,valid_llm_relation_enriched_seed1,4,0.8235294117647058,0.8235294117647058,0.8235294117647058,0.8235294117647058,0.8581314878892734
full_dna,none,1,valid_llm_relation_enriched_seed1,4,0.8823529411764706,0.8421052631578947,0.9411764705882353,0.8888888888888888,0.9480968858131488
full_dna,l2,1,valid_llm_relation_enriched_seed1,4,0.9411764705882353,0.9411764705882353,0.9411764705882353,0.9411764705882353,0.9480968858131488
full_dna,none,2,valid_llm_relation_enriched_seed1,4,0.7941176470588235,0.7777777777777778,0.8235294117647058,0.8,0.9134948096885812
full_dna,l2,2,valid_llm_relation_enriched_seed1,4,0.7941176470588235,0.7777777777777778,0.8235294117647058,0.8,0.9273356401384083
full_dna,none,3,valid_llm_relation_enriched_seed1,4,0.9117647058823529,0.8888888888888888,0.9411764705882353,0.9142857142857143,0.9411764705882353
full_dna,l2,3,valid_llm_relation_enriched_seed1,4,0.9117647058823529,0.8888888888888888,0.9411764705882353,0.9142857142857143,0.9377162629757785
full_dna,none,4,valid_llm_relation_enriched_seed1,4,0.8823529411764706,0.9333333333333333,0.8235294117647058,0.875,0.9446366782006921
full_dna,l2,4,valid_llm_relation_enriched_seed1,4,0.8823529411764706,0.9333333333333333,0.8235294117647058,0.875,0.9273356401384083
full_dna,none,42,valid_llm_relation_enriched_seed1,4,0.8235294117647058,0.8235294117647058,0.8235294117647058,0.8235294117647058,0.9238754325259515
full_dna,l2,42,valid_llm_relation_enriched_seed1,4,0.8529411764705882,0.875,0.8235294117647058,0.8484848484848485,0.9238754325259515
full_dna,none,0,valid_llm_relation_enriched_seed2,0,0.9117647058823529,0.9375,0.8823529411764706,0.9090909090909091,0.986159169550173
full_dna,l2,0,valid_llm_relation_enriched_seed2,0,0.9117647058823529,0.9375,0.8823529411764706,0.9090909090909091,0.986159169550173
full_dna,none,1,valid_llm_relation_enriched_seed2,0,0.9705882352941176,0.9444444444444444,1.0,0.9714285714285714,0.9930795847750865
full_dna,l2,1,valid_llm_relation_enriched_seed2,0,0.8823529411764706,0.8823529411764706,0.8823529411764706,0.8823529411764706,0.986159169550173
full_dna,none,2,valid_llm_relation_enriched_seed2,0,0.9705882352941176,0.9444444444444444,1.0,0.9714285714285714,1.0
full_dna,l2,2,valid_llm_relation_enriched_seed2,0,0.9705882352941176,0.9444444444444444,1.0,0.9714285714285714,1.0
full_dna,none,3,valid_llm_relation_enriched_seed2,0,0.9705882352941176,0.9444444444444444,1.0,0.9714285714285714,0.9930795847750865
full_dna,l2,3,valid_llm_relation_enriched_seed2,0,0.9411764705882353,0.8947368421052632,1.0,0.9444444444444444,0.9930795847750865
full_dna,none,4,valid_llm_relation_enriched_seed2,0,0.9705882352941176,0.9444444444444444,1.0,0.9714285714285714,0.9930795847750865
full_dna,l2,4,valid_llm_relation_enriched_seed2,0,0.9117647058823529,0.85,1.0,0.918918918918919,0.9930795847750865
full_dna,none,42,valid_llm_relation_enriched_seed2,0,1.0,1.0,1.0,1.0,1.0
full_dna,l2,42,valid_llm_relation_enriched_seed2,0,1.0,1.0,1.0,1.0,1.0
full_dna,none,0,valid_llm_relation_enriched_seed2,1,0.9411764705882353,0.8947368421052632,1.0,0.9444444444444444,0.9896193771626297
full_dna,l2,0,valid_llm_relation_enriched_seed2,1,0.9117647058823529,0.85,1.0,0.918918918918919,0.9896193771626297
full_dna,none,1,valid_llm_relation_enriched_seed2,1,0.9411764705882353,0.8947368421052632,1.0,0.9444444444444444,0.9930795847750865
full_dna,l2,1,valid_llm_relation_enriched_seed2,1,0.9117647058823529,0.85,1.0,0.918918918918919,1.0
full_dna,none,2,valid_llm_relation_enriched_seed2,1,0.9411764705882353,0.8947368421052632,1.0,0.9444444444444444,1.0
full_dna,l2,2,valid_llm_relation_enriched_seed2,1,0.9117647058823529,0.85,1.0,0.918918918918919,1.0
full_dna,none,3,valid_llm_relation_enriched_seed2,1,0.9117647058823529,0.85,1.0,0.918918918918919,0.9930795847750865
full_dna,l2,3,valid_llm_relation_enriched_seed2,1,0.9411764705882353,0.8947368421052632,1.0,0.9444444444444444,0.9930795847750865
full_dna,none,4,valid_llm_relation_enriched_seed2,1,0.9117647058823529,0.85,1.0,0.918918918918919,0.9930795847750865
full_dna,l2,4,valid_llm_relation_enriched_seed2,1,0.9117647058823529,0.85,1.0,0.918918918918919,0.9930795847750865
full_dna,none,42,valid_llm_relation_enriched_seed2,1,0.8235294117647058,0.7894736842105263,0.8823529411764706,0.8333333333333334,0.9619377162629756
full_dna,l2,42,valid_llm_relation_enriched_seed2,1,0.8235294117647058,0.7894736842105263,0.8823529411764706,0.8333333333333334,0.9619377162629756
full_dna,none,0,valid_llm_relation_enriched_seed2,2,0.8235294117647058,1.0,0.6470588235294118,0.7857142857142857,0.8788927335640138
full_dna,l2,0,valid_llm_relation_enriched_seed2,2,0.8235294117647058,1.0,0.6470588235294118,0.7857142857142857,0.8788927335640138
full_dna,none,1,valid_llm_relation_enriched_seed2,2,0.8823529411764706,1.0,0.7647058823529411,0.8666666666666667,0.8512110726643598
full_dna,l2,1,valid_llm_relation_enriched_seed2,2,0.8823529411764706,1.0,0.7647058823529411,0.8666666666666667,0.8512110726643598
full_dna,none,2,valid_llm_relation_enriched_seed2,2,0.8235294117647058,1.0,0.6470588235294118,0.7857142857142857,0.8442906574394463
full_dna,l2,2,valid_llm_relation_enriched_seed2,2,0.8235294117647058,1.0,0.6470588235294118,0.7857142857142857,0.8477508650519031
full_dna,none,3,valid_llm_relation_enriched_seed2,2,0.8529411764705882,0.9285714285714286,0.7647058823529411,0.8387096774193549,0.8685121107266436
full_dna,l2,3,valid_llm_relation_enriched_seed2,2,0.8529411764705882,0.9285714285714286,0.7647058823529411,0.8387096774193549,0.8754325259515571
full_dna,none,4,valid_llm_relation_enriched_seed2,2,0.8235294117647058,1.0,0.6470588235294118,0.7857142857142857,0.8546712802768166
full_dna,l2,4,valid_llm_relation_enriched_seed2,2,0.8235294117647058,1.0,0.6470588235294118,0.7857142857142857,0.847750865051903
full_dna,none,42,valid_llm_relation_enriched_seed2,2,0.8529411764705882,0.9285714285714286,0.7647058823529411,0.8387096774193549,0.8166089965397924
full_dna,l2,42,valid_llm_relation_enriched_seed2,2,0.8529411764705882,0.9285714285714286,0.7647058823529411,0.8387096774193549,0.8166089965397924
full_dna,none,0,valid_llm_relation_enriched_seed2,3,0.8823529411764706,0.9333333333333333,0.8235294117647058,0.875,0.9480968858131487
full_dna,l2,0,valid_llm_relation_enriched_seed2,3,0.8529411764705882,0.875,0.8235294117647058,0.8484848484848485,0.9688581314878892
full_dna,none,1,valid_llm_relation_enriched_seed2,3,0.8823529411764706,0.9333333333333333,0.8235294117647058,0.875,0.9480968858131487
full_dna,l2,1,valid_llm_relation_enriched_seed2,3,0.8823529411764706,0.9333333333333333,0.8235294117647058,0.875,0.958477508650519
full_dna,none,2,valid_llm_relation_enriched_seed2,3,0.8823529411764706,0.9333333333333333,0.8235294117647058,0.875,0.9065743944636677
full_dna,l2,2,valid_llm_relation_enriched_seed2,3,0.8823529411764706,0.9333333333333333,0.8235294117647058,0.875,0.9169550173010381
full_dna,none,3,valid_llm_relation_enriched_seed2,3,0.8823529411764706,0.9333333333333333,0.8235294117647058,0.875,0.958477508650519
full_dna,l2,3,valid_llm_relation_enriched_seed2,3,0.8823529411764706,0.9333333333333333,0.8235294117647058,0.875,0.9688581314878892
full_dna,none,4,valid_llm_relation_enriched_seed2,3,0.8823529411764706,0.9333333333333333,0.8235294117647058,0.875,0.8754325259515571
full_dna,l2,4,valid_llm_relation_enriched_seed2,3,0.8823529411764706,0.9333333333333333,0.8235294117647058,0.875,0.8858131487889273
full_dna,none,42,valid_llm_relation_enriched_seed2,3,0.9117647058823529,1.0,0.8235294117647058,0.9032258064516129,0.8546712802768166
full_dna,l2,42,valid_llm_relation_enriched_seed2,3,0.9117647058823529,1.0,0.8235294117647058,0.9032258064516129,0.8546712802768166
full_dna,none,0,valid_llm_relation_enriched_seed2,4,0.8529411764705882,0.875,0.8235294117647058,0.8484848484848485,0.9342560553633218
full_dna,l2,0,valid_llm_relation_enriched_seed2,4,0.8529411764705882,0.875,0.8235294117647058,0.8484848484848485,0.9342560553633218
full_dna,none,1,valid_llm_relation_enriched_seed2,4,0.9411764705882353,0.9411764705882353,0.9411764705882353,0.9411764705882353,0.9584775086505191
full_dna,l2,1,valid_llm_relation_enriched_seed2,4,0.9411764705882353,0.9411764705882353,0.9411764705882353,0.9411764705882353,0.9584775086505191
full_dna,none,2,valid_llm_relation_enriched_seed2,4,0.9705882352941176,1.0,0.9411764705882353,0.9696969696969697,0.9584775086505191
full_dna,l2,2,valid_llm_relation_enriched_seed2,4,0.9705882352941176,1.0,0.9411764705882353,0.9696969696969697,0.9584775086505191
full_dna,none,3,valid_llm_relation_enriched_seed2,4,0.9411764705882353,0.9411764705882353,0.9411764705882353,0.9411764705882353,0.9480968858131488
full_dna,l2,3,valid_llm_relation_enriched_seed2,4,0.9411764705882353,0.9411764705882353,0.9411764705882353,0.9411764705882353,0.9515570934256056
full_dna,none,4,valid_llm_relation_enriched_seed2,4,0.9705882352941176,1.0,0.9411764705882353,0.9696969696969697,0.9584775086505191
full_dna,l2,4,valid_llm_relation_enriched_seed2,4,0.9411764705882353,0.9411764705882353,0.9411764705882353,0.9411764705882353,0.9619377162629758
full_dna,none,42,valid_llm_relation_enriched_seed2,4,0.9705882352941176,1.0,0.9411764705882353,0.9696969696969697,0.9515570934256056
full_dna,l2,42,valid_llm_relation_enriched_seed2,4,0.9705882352941176,1.0,0.9411764705882353,0.9696969696969697,0.9550173010380623
full_dna,none,0,valid_llm_relation_enriched_seed3,0,0.8823529411764706,0.8823529411764706,0.8823529411764706,0.8823529411764706,0.9653979238754324
full_dna,l2,0,valid_llm_relation_enriched_seed3,0,0.8823529411764706,0.8823529411764706,0.8823529411764706,0.8823529411764706,0.9653979238754324
full_dna,none,1,valid_llm_relation_enriched_seed3,0,0.8823529411764706,0.8823529411764706,0.8823529411764706,0.8823529411764706,0.9792387543252595
full_dna,l2,1,valid_llm_relation_enriched_seed3,0,0.8823529411764706,0.8823529411764706,0.8823529411764706,0.8823529411764706,0.9792387543252594
full_dna,none,2,valid_llm_relation_enriched_seed3,0,0.9411764705882353,0.8947368421052632,1.0,0.9444444444444444,0.986159169550173
full_dna,l2,2,valid_llm_relation_enriched_seed3,0,0.9411764705882353,0.8947368421052632,1.0,0.9444444444444444,0.986159169550173
full_dna,none,3,valid_llm_relation_enriched_seed3,0,0.8823529411764706,0.8823529411764706,0.8823529411764706,0.8823529411764706,0.986159169550173
full_dna,l2,3,valid_llm_relation_enriched_seed3,0,0.9411764705882353,0.8947368421052632,1.0,0.9444444444444444,0.986159169550173
full_dna,none,4,valid_llm_relation_enriched_seed3,0,0.9117647058823529,0.9375,0.8823529411764706,0.9090909090909091,0.986159169550173
full_dna,l2,4,valid_llm_relation_enriched_seed3,0,0.9117647058823529,0.9375,0.8823529411764706,0.9090909090909091,0.9930795847750865
full_dna,none,42,valid_llm_relation_enriched_seed3,0,0.9705882352941176,0.9444444444444444,1.0,0.9714285714285714,0.972318339100346
full_dna,l2,42,valid_llm_relation_enriched_seed3,0,0.9117647058823529,0.9375,0.8823529411764706,0.9090909090909091,0.972318339100346
full_dna,none,0,valid_llm_relation_enriched_seed3,1,0.9705882352941176,0.9444444444444444,1.0,0.9714285714285714,1.0
full_dna,l2,0,valid_llm_relation_enriched_seed3,1,0.9705882352941176,0.9444444444444444,1.0,0.9714285714285714,1.0
full_dna,none,1,valid_llm_relation_enriched_seed3,1,0.9705882352941176,0.9444444444444444,1.0,0.9714285714285714,1.0
full_dna,l2,1,valid_llm_relation_enriched_seed3,1,0.9705882352941176,0.9444444444444444,1.0,0.9714285714285714,1.0
full_dna,none,2,valid_llm_relation_enriched_seed3,1,0.9705882352941176,0.9444444444444444,1.0,0.9714285714285714,1.0
full_dna,l2,2,valid_llm_relation_enriched_seed3,1,0.9705882352941176,0.9444444444444444,1.0,0.9714285714285714,1.0
full_dna,none,3,valid_llm_relation_enriched_seed3,1,0.9705882352941176,0.9444444444444444,1.0,0.9714285714285714,1.0
full_dna,l2,3,valid_llm_relation_enriched_seed3,1,0.9705882352941176,0.9444444444444444,1.0,0.9714285714285714,1.0
full_dna,none,4,valid_llm_relation_enriched_seed3,1,0.9705882352941176,0.9444444444444444,1.0,0.9714285714285714,1.0
full_dna,l2,4,valid_llm_relation_enriched_seed3,1,0.9705882352941176,0.9444444444444444,1.0,0.9714285714285714,1.0
full_dna,none,42,valid_llm_relation_enriched_seed3,1,0.9705882352941176,0.9444444444444444,1.0,0.9714285714285714,0.986159169550173
full_dna,l2,42,valid_llm_relation_enriched_seed3,1,0.9705882352941176,0.9444444444444444,1.0,0.9714285714285714,0.986159169550173
full_dna,none,0,valid_llm_relation_enriched_seed3,2,0.7058823529411765,0.6842105263157895,0.7647058823529411,0.7222222222222222,0.7647058823529411
full_dna,l2,0,valid_llm_relation_enriched_seed3,2,0.7058823529411765,0.6842105263157895,0.7647058823529411,0.7222222222222222,0.7647058823529411
full_dna,none,1,valid_llm_relation_enriched_seed3,2,0.8235294117647058,0.8666666666666667,0.7647058823529411,0.8125,0.8062283737024221
full_dna,l2,1,valid_llm_relation_enriched_seed3,2,0.8235294117647058,0.8666666666666667,0.7647058823529411,0.8125,0.8166089965397924
full_dna,none,2,valid_llm_relation_enriched_seed3,2,0.7647058823529411,0.7647058823529411,0.7647058823529411,0.7647058823529411,0.7854671280276816
full_dna,l2,2,valid_llm_relation_enriched_seed3,2,0.7941176470588235,0.8125,0.7647058823529411,0.7878787878787878,0.7716262975778547
full_dna,none,3,valid_llm_relation_enriched_seed3,2,0.7941176470588235,0.8125,0.7647058823529411,0.7878787878787878,0.8131487889273357
full_dna,l2,3,valid_llm_relation_enriched_seed3,2,0.8235294117647058,0.8666666666666667,0.7647058823529411,0.8125,0.820069204152249
full_dna,none,4,valid_llm_relation_enriched_seed3,2,0.8235294117647058,0.8666666666666667,0.7647058823529411,0.8125,0.7750865051903113
full_dna,l2,4,valid_llm_relation_enriched_seed3,2,0.8235294117647058,0.8666666666666667,0.7647058823529411,0.8125,0.7785467128027681
full_dna,none,42,valid_llm_relation_enriched_seed3,2,0.8235294117647058,0.8666666666666667,0.7647058823529411,0.8125,0.7854671280276816
full_dna,l2,42,valid_llm_relation_enriched_seed3,2,0.7647058823529411,0.7647058823529411,0.7647058823529411,0.7647058823529411,0.7923875432525951
full_dna,none,0,valid_llm_relation_enriched_seed3,3,0.8529411764705882,0.875,0.8235294117647058,0.8484848484848485,0.9688581314878892
full_dna,l2,0,valid_llm_relation_enriched_seed3,3,0.9411764705882353,0.8947368421052632,1.0,0.9444444444444444,0.9688581314878892
full_dna,none,1,valid_llm_relation_enriched_seed3,3,0.8529411764705882,0.875,0.8235294117647058,0.8484848484848485,0.9550173010380623
full_dna,l2,1,valid_llm_relation_enriched_seed3,3,0.8529411764705882,0.875,0.8235294117647058,0.8484848484848485,0.9688581314878892
full_dna,none,2,valid_llm_relation_enriched_seed3,3,0.8235294117647058,0.8235294117647058,0.8235294117647058,0.8235294117647058,0.9515570934256055
full_dna,l2,2,valid_llm_relation_enriched_seed3,3,0.8235294117647058,0.8235294117647058,0.8235294117647058,0.8235294117647058,0.944636678200692
full_dna,none,3,valid_llm_relation_enriched_seed3,3,0.8529411764705882,0.875,0.8235294117647058,0.8484848484848485,0.9480968858131487
full_dna,l2,3,valid_llm_relation_enriched_seed3,3,0.8235294117647058,0.8235294117647058,0.8235294117647058,0.8235294117647058,0.958477508650519
full_dna,none,4,valid_llm_relation_enriched_seed3,3,0.8529411764705882,0.875,0.8235294117647058,0.8484848484848485,0.9377162629757785
full_dna,l2,4,valid_llm_relation_enriched_seed3,3,0.8529411764705882,0.875,0.8235294117647058,0.8484848484848485,0.958477508650519
full_dna,none,42,valid_llm_relation_enriched_seed3,3,0.8529411764705882,0.875,0.8235294117647058,0.8484848484848485,0.9688581314878892
full_dna,l2,42,valid_llm_relation_enriched_seed3,3,0.8235294117647058,0.8235294117647058,0.8235294117647058,0.8235294117647058,0.9688581314878892
full_dna,none,0,valid_llm_relation_enriched_seed3,4,0.9117647058823529,0.8888888888888888,0.9411764705882353,0.9142857142857143,0.9446366782006921
full_dna,l2,0,valid_llm_relation_enriched_seed3,4,0.9117647058823529,0.8888888888888888,0.9411764705882353,0.9142857142857143,0.9446366782006921
full_dna,none,1,valid_llm_relation_enriched_seed3,4,0.8823529411764706,0.8421052631578947,0.9411764705882353,0.8888888888888888,0.9550173010380623
full_dna,l2,1,valid_llm_relation_enriched_seed3,4,0.8823529411764706,0.8421052631578947,0.9411764705882353,0.8888888888888888,0.9550173010380623
full_dna,none,2,valid_llm_relation_enriched_seed3,4,0.9117647058823529,0.8888888888888888,0.9411764705882353,0.9142857142857143,0.958477508650519
full_dna,l2,2,valid_llm_relation_enriched_seed3,4,0.9117647058823529,0.8888888888888888,0.9411764705882353,0.9142857142857143,0.958477508650519
full_dna,none,3,valid_llm_relation_enriched_seed3,4,0.9117647058823529,0.8888888888888888,0.9411764705882353,0.9142857142857143,0.9411764705882353
full_dna,l2,3,valid_llm_relation_enriched_seed3,4,0.9117647058823529,0.8888888888888888,0.9411764705882353,0.9142857142857143,0.9515570934256055
full_dna,none,4,valid_llm_relation_enriched_seed3,4,0.9117647058823529,0.8888888888888888,0.9411764705882353,0.9142857142857143,0.9896193771626297
full_dna,l2,4,valid_llm_relation_enriched_seed3,4,0.9117647058823529,0.8888888888888888,0.9411764705882353,0.9142857142857143,0.9896193771626297
full_dna,none,42,valid_llm_relation_enriched_seed3,4,0.8235294117647058,0.7619047619047619,0.9411764705882353,0.8421052631578947,0.9480968858131488
full_dna,l2,42,valid_llm_relation_enriched_seed3,4,0.8235294117647058,0.7619047619047619,0.9411764705882353,0.8421052631578947,0.9515570934256056
full_dna,none,0,valid_llm_relation_enriched_seed4,0,0.7941176470588235,0.75,0.8823529411764706,0.8108108108108109,0.9238754325259515
full_dna,l2,0,valid_llm_relation_enriched_seed4,0,0.7647058823529411,0.7142857142857143,0.8823529411764706,0.7894736842105263,0.9238754325259515
full_dna,none,1,valid_llm_relation_enriched_seed4,0,0.7941176470588235,0.75,0.8823529411764706,0.8108108108108109,0.9238754325259515
full_dna,l2,1,valid_llm_relation_enriched_seed4,0,0.7941176470588235,0.75,0.8823529411764706,0.8108108108108109,0.930795847750865
full_dna,none,2,valid_llm_relation_enriched_seed4,0,0.8823529411764706,0.8095238095238095,1.0,0.8947368421052632,0.9584775086505191
full_dna,l2,2,valid_llm_relation_enriched_seed4,0,0.8529411764705882,0.7727272727272727,1.0,0.8717948717948718,0.9584775086505191
full_dna,none,3,valid_llm_relation_enriched_seed4,0,0.8529411764705882,0.8333333333333334,0.8823529411764706,0.8571428571428571,0.958477508650519
full_dna,l2,3,valid_llm_relation_enriched_seed4,0,0.8529411764705882,0.8333333333333334,0.8823529411764706,0.8571428571428571,0.958477508650519
full_dna,none,4,valid_llm_relation_enriched_seed4,0,0.8529411764705882,0.8333333333333334,0.8823529411764706,0.8571428571428571,0.9515570934256055
full_dna,l2,4,valid_llm_relation_enriched_seed4,0,0.8529411764705882,0.8333333333333334,0.8823529411764706,0.8571428571428571,0.944636678200692
full_dna,none,42,valid_llm_relation_enriched_seed4,0,0.7352941176470589,0.7222222222222222,0.7647058823529411,0.7428571428571429,0.916955017301038
full_dna,l2,42,valid_llm_relation_enriched_seed4,0,0.8235294117647058,0.7894736842105263,0.8823529411764706,0.8333333333333334,0.9238754325259515
full_dna,none,0,valid_llm_relation_enriched_seed4,1,0.9705882352941176,0.9444444444444444,1.0,0.9714285714285714,1.0
full_dna,l2,0,valid_llm_relation_enriched_seed4,1,0.9705882352941176,0.9444444444444444,1.0,0.9714285714285714,1.0
full_dna,none,1,valid_llm_relation_enriched_seed4,1,0.9117647058823529,0.85,1.0,0.918918918918919,1.0
full_dna,l2,1,valid_llm_relation_enriched_seed4,1,0.9117647058823529,0.85,1.0,0.918918918918919,1.0
full_dna,none,2,valid_llm_relation_enriched_seed4,1,0.8823529411764706,0.8095238095238095,1.0,0.8947368421052632,0.9930795847750865
full_dna,l2,2,valid_llm_relation_enriched_seed4,1,0.8823529411764706,0.8095238095238095,1.0,0.8947368421052632,0.9930795847750865
full_dna,none,3,valid_llm_relation_enriched_seed4,1,0.9411764705882353,0.8947368421052632,1.0,0.9444444444444444,0.9965397923875432
full_dna,l2,3,valid_llm_relation_enriched_seed4,1,0.9117647058823529,0.85,1.0,0.918918918918919,0.9965397923875432
full_dna,none,4,valid_llm_relation_enriched_seed4,1,0.9117647058823529,0.85,1.0,0.918918918918919,1.0
full_dna,l2,4,valid_llm_relation_enriched_seed4,1,0.8823529411764706,0.8095238095238095,1.0,0.8947368421052632,1.0
full_dna,none,42,valid_llm_relation_enriched_seed4,1,0.8823529411764706,0.8095238095238095,1.0,0.8947368421052632,0.9930795847750865
full_dna,l2,42,valid_llm_relation_enriched_seed4,1,0.8823529411764706,0.8095238095238095,1.0,0.8947368421052632,1.0
full_dna,none,0,valid_llm_relation_enriched_seed4,2,0.7352941176470589,0.7857142857142857,0.6470588235294118,0.7096774193548387,0.8685121107266436
full_dna,l2,0,valid_llm_relation_enriched_seed4,2,0.7647058823529411,0.8461538461538461,0.6470588235294118,0.7333333333333333,0.8685121107266436
full_dna,none,1,valid_llm_relation_enriched_seed4,2,0.7647058823529411,0.7647058823529411,0.7647058823529411,0.7647058823529411,0.8892733564013842
full_dna,l2,1,valid_llm_relation_enriched_seed4,2,0.7941176470588235,0.8125,0.7647058823529411,0.7878787878787878,0.8858131487889274
full_dna,none,2,valid_llm_relation_enriched_seed4,2,0.7941176470588235,0.8125,0.7647058823529411,0.7878787878787878,0.8615916955017301
full_dna,l2,2,valid_llm_relation_enriched_seed4,2,0.7941176470588235,0.8125,0.7647058823529411,0.7878787878787878,0.8615916955017301
full_dna,none,3,valid_llm_relation_enriched_seed4,2,0.7941176470588235,0.8125,0.7647058823529411,0.7878787878787878,0.8961937716262975
full_dna,l2,3,valid_llm_relation_enriched_seed4,2,0.7941176470588235,0.8125,0.7647058823529411,0.7878787878787878,0.9204152249134947
full_dna,none,4,valid_llm_relation_enriched_seed4,2,0.7941176470588235,0.8125,0.7647058823529411,0.7878787878787878,0.8442906574394463
full_dna,l2,4,valid_llm_relation_enriched_seed4,2,0.7941176470588235,0.8125,0.7647058823529411,0.7878787878787878,0.8442906574394463
full_dna,none,42,valid_llm_relation_enriched_seed4,2,0.7352941176470589,0.7222222222222222,0.7647058823529411,0.7428571428571429,0.8442906574394464
full_dna,l2,42,valid_llm_relation_enriched_seed4,2,0.7352941176470589,0.7222222222222222,0.7647058823529411,0.7428571428571429,0.8581314878892734
full_dna,none,0,valid_llm_relation_enriched_seed4,3,1.0,1.0,1.0,1.0,1.0
full_dna,l2,0,valid_llm_relation_enriched_seed4,3,1.0,1.0,1.0,1.0,1.0
full_dna,none,1,valid_llm_relation_enriched_seed4,3,0.9117647058823529,1.0,0.8235294117647058,0.9032258064516129,0.9792387543252595
full_dna,l2,1,valid_llm_relation_enriched_seed4,3,0.9117647058823529,1.0,0.8235294117647058,0.9032258064516129,1.0
full_dna,none,2,valid_llm_relation_enriched_seed4,3,0.8823529411764706,0.9333333333333333,0.8235294117647058,0.875,0.9896193771626297
full_dna,l2,2,valid_llm_relation_enriched_seed4,3,0.8823529411764706,0.9333333333333333,0.8235294117647058,0.875,0.9896193771626297
full_dna,none,3,valid_llm_relation_enriched_seed4,3,0.8823529411764706,0.9333333333333333,0.8235294117647058,0.875,0.958477508650519
full_dna,l2,3,valid_llm_relation_enriched_seed4,3,0.8823529411764706,0.9333333333333333,0.8235294117647058,0.875,0.9688581314878892
full_dna,none,4,valid_llm_relation_enriched_seed4,3,0.9117647058823529,1.0,0.8235294117647058,0.9032258064516129,0.9896193771626297
full_dna,l2,4,valid_llm_relation_enriched_seed4,3,0.9117647058823529,1.0,0.8235294117647058,0.9032258064516129,0.9896193771626297
full_dna,none,42,valid_llm_relation_enriched_seed4,3,0.8823529411764706,0.9333333333333333,0.8235294117647058,0.875,0.9688581314878892
full_dna,l2,42,valid_llm_relation_enriched_seed4,3,0.8823529411764706,0.9333333333333333,0.8235294117647058,0.875,0.9792387543252595
full_dna,none,0,valid_llm_relation_enriched_seed4,4,0.7647058823529411,0.7368421052631579,0.8235294117647058,0.7777777777777778,0.8892733564013839
full_dna,l2,0,valid_llm_relation_enriched_seed4,4,0.7647058823529411,0.7368421052631579,0.8235294117647058,0.7777777777777778,0.8788927335640138
full_dna,none,1,valid_llm_relation_enriched_seed4,4,0.7058823529411765,0.64,0.9411764705882353,0.7619047619047619,0.875432525951557
full_dna,l2,1,valid_llm_relation_enriched_seed4,4,0.7647058823529411,0.6956521739130435,0.9411764705882353,0.8,0.889273356401384
full_dna,none,2,valid_llm_relation_enriched_seed4,4,0.8235294117647058,0.8235294117647058,0.8235294117647058,0.8235294117647058,0.8961937716262975
full_dna,l2,2,valid_llm_relation_enriched_seed4,4,0.8823529411764706,0.8421052631578947,0.9411764705882353,0.8888888888888888,0.8927335640138407
full_dna,none,3,valid_llm_relation_enriched_seed4,4,0.8823529411764706,0.8421052631578947,0.9411764705882353,0.8888888888888888,0.9134948096885812
full_dna,l2,3,valid_llm_relation_enriched_seed4,4,0.8529411764705882,0.8,0.9411764705882353,0.8648648648648649,0.9134948096885812
full_dna,none,4,valid_llm_relation_enriched_seed4,4,0.8235294117647058,0.7619047619047619,0.9411764705882353,0.8421052631578947,0.8858131487889274
full_dna,l2,4,valid_llm_relation_enriched_seed4,4,0.8235294117647058,0.7619047619047619,0.9411764705882353,0.8421052631578947,0.8858131487889274
full_dna,none,42,valid_llm_relation_enriched_seed4,4,0.8235294117647058,0.7619047619047619,0.9411764705882353,0.8421052631578947,0.8927335640138407
full_dna,l2,42,valid_llm_relation_enriched_seed4,4,0.8235294117647058,0.7619047619047619,0.9411764705882353,0.8421052631578947,0.9065743944636677
paper_common,none,0,valid_llm_relation_enriched_seed0,0,0.896551724137931,0.875,0.9333333333333333,0.9032258064516129,0.980952380952381
paper_common,l2,0,valid_llm_relation_enriched_seed0,0,0.896551724137931,0.875,0.9333333333333333,0.9032258064516129,0.9904761904761905
paper_common,none,1,valid_llm_relation_enriched_seed0,0,0.9655172413793104,0.9375,1.0,0.967741935483871,1.0
paper_common,l2,1,valid_llm_relation_enriched_seed0,0,0.9655172413793104,0.9375,1.0,0.967741935483871,1.0
paper_common,none,2,valid_llm_relation_enriched_seed0,0,0.9655172413793104,0.9375,1.0,0.967741935483871,0.9952380952380953
paper_common,l2,2,valid_llm_relation_enriched_seed0,0,0.9655172413793104,0.9375,1.0,0.967741935483871,1.0
paper_common,none,3,valid_llm_relation_enriched_seed0,0,1.0,1.0,1.0,1.0,1.0
paper_common,l2,3,valid_llm_relation_enriched_seed0,0,0.9655172413793104,0.9375,1.0,0.967741935483871,1.0
paper_common,none,4,valid_llm_relation_enriched_seed0,0,0.9310344827586207,0.8823529411764706,1.0,0.9375,1.0
paper_common,l2,4,valid_llm_relation_enriched_seed0,0,0.9655172413793104,0.9375,1.0,0.967741935483871,1.0
paper_common,none,42,valid_llm_relation_enriched_seed0,0,0.9310344827586207,0.8823529411764706,1.0,0.9375,0.9904761904761905
paper_common,l2,42,valid_llm_relation_enriched_seed0,0,0.9655172413793104,0.9375,1.0,0.967741935483871,0.9904761904761905
paper_common,none,0,valid_llm_relation_enriched_seed0,1,0.9310344827586207,0.8823529411764706,1.0,0.9375,1.0
paper_common,l2,0,valid_llm_relation_enriched_seed0,1,0.9655172413793104,0.9375,1.0,0.967741935483871,1.0
paper_common,none,1,valid_llm_relation_enriched_seed0,1,0.9310344827586207,0.8823529411764706,1.0,0.9375,1.0
paper_common,l2,1,valid_llm_relation_enriched_seed0,1,0.9310344827586207,0.8823529411764706,1.0,0.9375,1.0
paper_common,none,2,valid_llm_relation_enriched_seed0,1,0.9310344827586207,0.8823529411764706,1.0,0.9375,0.9904761904761905
paper_common,l2,2,valid_llm_relation_enriched_seed0,1,0.9310344827586207,0.8823529411764706,1.0,0.9375,0.980952380952381
paper_common,none,3,valid_llm_relation_enriched_seed0,1,0.9310344827586207,0.8823529411764706,1.0,0.9375,1.0
paper_common,l2,3,valid_llm_relation_enriched_seed0,1,0.9310344827586207,0.8823529411764706,1.0,0.9375,1.0
paper_common,none,4,valid_llm_relation_enriched_seed0,1,0.9655172413793104,0.9375,1.0,0.967741935483871,1.0
paper_common,l2,4,valid_llm_relation_enriched_seed0,1,0.9310344827586207,0.8823529411764706,1.0,0.9375,1.0
paper_common,none,42,valid_llm_relation_enriched_seed0,1,0.9310344827586207,0.8823529411764706,1.0,0.9375,1.0
paper_common,l2,42,valid_llm_relation_enriched_seed0,1,0.9310344827586207,0.8823529411764706,1.0,0.9375,1.0
paper_common,none,0,valid_llm_relation_enriched_seed0,2,0.7931034482758621,0.8461538461538461,0.7333333333333333,0.7857142857142857,0.8857142857142857
paper_common,l2,0,valid_llm_relation_enriched_seed0,2,0.7241379310344828,0.7333333333333333,0.7333333333333333,0.7333333333333333,0.8857142857142857
paper_common,none,1,valid_llm_relation_enriched_seed0,2,0.7931034482758621,0.8461538461538461,0.7333333333333333,0.7857142857142857,0.8619047619047618
paper_common,l2,1,valid_llm_relation_enriched_seed0,2,0.7931034482758621,0.8461538461538461,0.7333333333333333,0.7857142857142857,0.8476190476190476
paper_common,none,2,valid_llm_relation_enriched_seed0,2,0.7586206896551724,0.7857142857142857,0.7333333333333333,0.7586206896551724,0.8761904761904762
paper_common,l2,2,valid_llm_relation_enriched_seed0,2,0.7586206896551724,0.7857142857142857,0.7333333333333333,0.7586206896551724,0.8761904761904762
paper_common,none,3,valid_llm_relation_enriched_seed0,2,0.7931034482758621,0.8461538461538461,0.7333333333333333,0.7857142857142857,0.8761904761904762
paper_common,l2,3,valid_llm_relation_enriched_seed0,2,0.7931034482758621,0.8461538461538461,0.7333333333333333,0.7857142857142857,0.880952380952381
paper_common,none,4,valid_llm_relation_enriched_seed0,2,0.7586206896551724,0.7857142857142857,0.7333333333333333,0.7586206896551724,0.8333333333333334
paper_common,l2,4,valid_llm_relation_enriched_seed0,2,0.7241379310344828,0.7333333333333333,0.7333333333333333,0.7333333333333333,0.8333333333333334
paper_common,none,42,valid_llm_relation_enriched_seed0,2,0.7586206896551724,0.7857142857142857,0.7333333333333333,0.7586206896551724,0.8571428571428571
paper_common,l2,42,valid_llm_relation_enriched_seed0,2,0.7931034482758621,0.8461538461538461,0.7333333333333333,0.7857142857142857,0.8761904761904762
paper_common,none,0,valid_llm_relation_enriched_seed0,3,0.8620689655172413,0.8235294117647058,0.9333333333333333,0.875,0.9714285714285714
paper_common,l2,0,valid_llm_relation_enriched_seed0,3,0.8620689655172413,0.8235294117647058,0.9333333333333333,0.875,0.9714285714285714
paper_common,none,1,valid_llm_relation_enriched_seed0,3,0.9310344827586207,0.8823529411764706,1.0,0.9375,0.9904761904761905
paper_common,l2,1,valid_llm_relation_enriched_seed0,3,0.9310344827586207,0.8823529411764706,1.0,0.9375,0.9904761904761905
paper_common,none,2,valid_llm_relation_enriched_seed0,3,0.9310344827586207,0.8823529411764706,1.0,0.9375,0.9857142857142858
paper_common,l2,2,valid_llm_relation_enriched_seed0,3,0.9310344827586207,0.8823529411764706,1.0,0.9375,0.9857142857142858
paper_common,none,3,valid_llm_relation_enriched_seed0,3,0.9310344827586207,0.8823529411764706,1.0,0.9375,1.0
paper_common,l2,3,valid_llm_relation_enriched_seed0,3,0.9310344827586207,0.8823529411764706,1.0,0.9375,1.0
paper_common,none,4,valid_llm_relation_enriched_seed0,3,0.896551724137931,0.8333333333333334,1.0,0.9090909090909091,1.0
paper_common,l2,4,valid_llm_relation_enriched_seed0,3,0.896551724137931,0.8333333333333334,1.0,0.9090909090909091,1.0
paper_common,none,42,valid_llm_relation_enriched_seed0,3,0.9310344827586207,0.8823529411764706,1.0,0.9375,0.9714285714285714
paper_common,l2,42,valid_llm_relation_enriched_seed0,3,0.9310344827586207,0.8823529411764706,1.0,0.9375,0.9714285714285714
paper_common,none,0,valid_llm_relation_enriched_seed0,4,0.896551724137931,1.0,0.8,0.8888888888888888,1.0
paper_common,l2,0,valid_llm_relation_enriched_seed0,4,0.896551724137931,1.0,0.8,0.8888888888888888,0.980952380952381
paper_common,none,1,valid_llm_relation_enriched_seed0,4,0.8620689655172413,0.9230769230769231,0.8,0.8571428571428571,0.9666666666666667
paper_common,l2,1,valid_llm_relation_enriched_seed0,4,0.896551724137931,0.9285714285714286,0.8666666666666667,0.896551724137931,0.9666666666666667
paper_common,none,2,valid_llm_relation_enriched_seed0,4,0.896551724137931,0.9285714285714286,0.8666666666666667,0.896551724137931,0.9619047619047618
paper_common,l2,2,valid_llm_relation_enriched_seed0,4,0.896551724137931,0.9285714285714286,0.8666666666666667,0.896551724137931,0.9619047619047618
paper_common,none,3,valid_llm_relation_enriched_seed0,4,0.9310344827586207,1.0,0.8666666666666667,0.9285714285714286,0.9619047619047619
paper_common,l2,3,valid_llm_relation_enriched_seed0,4,0.896551724137931,0.9285714285714286,0.8666666666666667,0.896551724137931,0.9523809523809523
paper_common,none,4,valid_llm_relation_enriched_seed0,4,0.8620689655172413,0.8666666666666667,0.8666666666666667,0.8666666666666667,0.980952380952381
paper_common,l2,4,valid_llm_relation_enriched_seed0,4,0.8620689655172413,0.8666666666666667,0.8666666666666667,0.8666666666666667,0.980952380952381
paper_common,none,42,valid_llm_relation_enriched_seed0,4,0.896551724137931,0.9285714285714286,0.8666666666666667,0.896551724137931,0.9238095238095239
paper_common,l2,42,valid_llm_relation_enriched_seed0,4,0.896551724137931,0.9285714285714286,0.8666666666666667,0.896551724137931,0.9428571428571428
paper_common,none,0,valid_llm_relation_enriched_seed1,0,0.8666666666666667,0.7894736842105263,1.0,0.8823529411764706,0.9733333333333334
paper_common,l2,0,valid_llm_relation_enriched_seed1,0,0.8666666666666667,0.7894736842105263,1.0,0.8823529411764706,0.9733333333333334
paper_common,none,1,valid_llm_relation_enriched_seed1,0,0.8666666666666667,0.7894736842105263,1.0,0.8823529411764706,0.9822222222222222
paper_common,l2,1,valid_llm_relation_enriched_seed1,0,0.8666666666666667,0.7894736842105263,1.0,0.8823529411764706,0.9822222222222222
paper_common,none,2,valid_llm_relation_enriched_seed1,0,0.8333333333333334,0.75,1.0,0.8571428571428571,0.9733333333333334
paper_common,l2,2,valid_llm_relation_enriched_seed1,0,0.8333333333333334,0.75,1.0,0.8571428571428571,0.9733333333333334
paper_common,none,3,valid_llm_relation_enriched_seed1,0,0.9333333333333333,0.8823529411764706,1.0,0.9375,0.9822222222222222
paper_common,l2,3,valid_llm_relation_enriched_seed1,0,0.9,0.8333333333333334,1.0,0.9090909090909091,0.9822222222222222
paper_common,none,4,valid_llm_relation_enriched_seed1,0,0.8666666666666667,0.7894736842105263,1.0,0.8823529411764706,0.9733333333333334
paper_common,l2,4,valid_llm_relation_enriched_seed1,0,0.8333333333333334,0.75,1.0,0.8571428571428571,0.9733333333333334
paper_common,none,42,valid_llm_relation_enriched_seed1,0,0.9,0.8333333333333334,1.0,0.9090909090909091,0.9733333333333334
paper_common,l2,42,valid_llm_relation_enriched_seed1,0,0.9,0.8333333333333334,1.0,0.9090909090909091,0.9733333333333334
paper_common,none,0,valid_llm_relation_enriched_seed1,1,0.9,0.8333333333333334,1.0,0.9090909090909091,0.9911111111111112
paper_common,l2,0,valid_llm_relation_enriched_seed1,1,0.9,0.8333333333333334,1.0,0.9090909090909091,0.9911111111111112
paper_common,none,1,valid_llm_relation_enriched_seed1,1,0.9,0.8333333333333334,1.0,0.9090909090909091,1.0
paper_common,l2,1,valid_llm_relation_enriched_seed1,1,0.9333333333333333,0.8823529411764706,1.0,0.9375,1.0
paper_common,none,2,valid_llm_relation_enriched_seed1,1,0.8666666666666667,0.7894736842105263,1.0,0.8823529411764706,1.0
paper_common,l2,2,valid_llm_relation_enriched_seed1,1,0.8666666666666667,0.7894736842105263,1.0,0.8823529411764706,1.0
paper_common,none,3,valid_llm_relation_enriched_seed1,1,0.9,0.8333333333333334,1.0,0.9090909090909091,1.0
paper_common,l2,3,valid_llm_relation_enriched_seed1,1,0.9,0.8333333333333334,1.0,0.9090909090909091,1.0
paper_common,none,4,valid_llm_relation_enriched_seed1,1,0.9333333333333333,0.8823529411764706,1.0,0.9375,1.0
paper_common,l2,4,valid_llm_relation_enriched_seed1,1,0.9,0.8333333333333334,1.0,0.9090909090909091,1.0
paper_common,none,42,valid_llm_relation_enriched_seed1,1,0.9,0.8333333333333334,1.0,0.9090909090909091,0.9955555555555555
paper_common,l2,42,valid_llm_relation_enriched_seed1,1,0.9,0.8333333333333334,1.0,0.9090909090909091,0.9955555555555555
paper_common,none,0,valid_llm_relation_enriched_seed1,2,0.9,0.8333333333333334,1.0,0.9090909090909091,0.9911111111111112
paper_common,l2,0,valid_llm_relation_enriched_seed1,2,0.9333333333333333,0.8823529411764706,1.0,0.9375,0.9911111111111112
paper_common,none,1,valid_llm_relation_enriched_seed1,2,0.9666666666666667,0.9375,1.0,0.967741935483871,0.9866666666666667
paper_common,l2,1,valid_llm_relation_enriched_seed1,2,0.9666666666666667,0.9375,1.0,0.967741935483871,0.9866666666666667
paper_common,none,2,valid_llm_relation_enriched_seed1,2,0.8666666666666667,0.7894736842105263,1.0,0.8823529411764706,0.9822222222222222
paper_common,l2,2,valid_llm_relation_enriched_seed1,2,0.9,0.8333333333333334,1.0,0.9090909090909091,0.9822222222222222
paper_common,none,3,valid_llm_relation_enriched_seed1,2,0.9333333333333333,0.8823529411764706,1.0,0.9375,0.9866666666666667
paper_common,l2,3,valid_llm_relation_enriched_seed1,2,0.9333333333333333,0.8823529411764706,1.0,0.9375,0.9866666666666667
paper_common,none,4,valid_llm_relation_enriched_seed1,2,0.9666666666666667,0.9375,1.0,0.967741935483871,1.0
paper_common,l2,4,valid_llm_relation_enriched_seed1,2,0.9666666666666667,0.9375,1.0,0.967741935483871,1.0
paper_common,none,42,valid_llm_relation_enriched_seed1,2,0.9333333333333333,0.8823529411764706,1.0,0.9375,0.9955555555555555
paper_common,l2,42,valid_llm_relation_enriched_seed1,2,0.9666666666666667,0.9375,1.0,0.967741935483871,0.9955555555555555
paper_common,none,0,valid_llm_relation_enriched_seed1,3,0.9,0.8333333333333334,1.0,0.9090909090909091,0.9777777777777779
paper_common,l2,0,valid_llm_relation_enriched_seed1,3,0.9,0.8333333333333334,1.0,0.9090909090909091,0.9777777777777779
paper_common,none,1,valid_llm_relation_enriched_seed1,3,0.9,0.8333333333333334,1.0,0.9090909090909091,1.0
paper_common,l2,1,valid_llm_relation_enriched_seed1,3,0.9,0.8333333333333334,1.0,0.9090909090909091,1.0
paper_common,none,2,valid_llm_relation_enriched_seed1,3,0.9333333333333333,0.8823529411764706,1.0,0.9375,0.9866666666666667
paper_common,l2,2,valid_llm_relation_enriched_seed1,3,0.9333333333333333,0.8823529411764706,1.0,0.9375,0.9866666666666667
paper_common,none,3,valid_llm_relation_enriched_seed1,3,0.8666666666666667,0.7894736842105263,1.0,0.8823529411764706,1.0
paper_common,l2,3,valid_llm_relation_enriched_seed1,3,0.9,0.8333333333333334,1.0,0.9090909090909091,1.0
paper_common,none,4,valid_llm_relation_enriched_seed1,3,0.9,0.8333333333333334,1.0,0.9090909090909091,1.0
paper_common,l2,4,valid_llm_relation_enriched_seed1,3,0.9,0.8333333333333334,1.0,0.9090909090909091,1.0
paper_common,none,42,valid_llm_relation_enriched_seed1,3,0.9,0.8333333333333334,1.0,0.9090909090909091,1.0
paper_common,l2,42,valid_llm_relation_enriched_seed1,3,0.8666666666666667,0.7894736842105263,1.0,0.8823529411764706,1.0
paper_common,none,0,valid_llm_relation_enriched_seed1,4,0.8666666666666667,0.7894736842105263,1.0,0.8823529411764706,0.9733333333333334
paper_common,l2,0,valid_llm_relation_enriched_seed1,4,0.8666666666666667,0.7894736842105263,1.0,0.8823529411764706,0.9733333333333334
paper_common,none,1,valid_llm_relation_enriched_seed1,4,0.9,0.8333333333333334,1.0,0.9090909090909091,1.0
paper_common,l2,1,valid_llm_relation_enriched_seed1,4,0.9,0.8333333333333334,1.0,0.9090909090909091,1.0
paper_common,none,2,valid_llm_relation_enriched_seed1,4,0.9333333333333333,0.8823529411764706,1.0,0.9375,1.0
paper_common,l2,2,valid_llm_relation_enriched_seed1,4,0.9333333333333333,0.8823529411764706,1.0,0.9375,1.0
paper_common,none,3,valid_llm_relation_enriched_seed1,4,0.8333333333333334,0.75,1.0,0.8571428571428571,1.0
paper_common,l2,3,valid_llm_relation_enriched_seed1,4,0.8,0.7142857142857143,1.0,0.8333333333333334,1.0
paper_common,none,4,valid_llm_relation_enriched_seed1,4,0.8666666666666667,0.7894736842105263,1.0,0.8823529411764706,1.0
paper_common,l2,4,valid_llm_relation_enriched_seed1,4,0.9,0.8333333333333334,1.0,0.9090909090909091,1.0
paper_common,none,42,valid_llm_relation_enriched_seed1,4,0.9333333333333333,0.8823529411764706,1.0,0.9375,0.9911111111111112
paper_common,l2,42,valid_llm_relation_enriched_seed1,4,0.9333333333333333,0.8823529411764706,1.0,0.9375,0.9911111111111112
paper_common,none,0,valid_llm_relation_enriched_seed2,0,0.9,0.8421052631578947,1.0,0.9142857142857143,0.9642857142857143
paper_common,l2,0,valid_llm_relation_enriched_seed2,0,0.9,0.8421052631578947,1.0,0.9142857142857143,0.9642857142857143
paper_common,none,1,valid_llm_relation_enriched_seed2,0,0.9,0.8421052631578947,1.0,0.9142857142857143,0.9732142857142858
paper_common,l2,1,valid_llm_relation_enriched_seed2,0,0.9,0.8421052631578947,1.0,0.9142857142857143,0.9732142857142858
paper_common,none,2,valid_llm_relation_enriched_seed2,0,0.8666666666666667,0.8,1.0,0.8888888888888888,0.9821428571428572
paper_common,l2,2,valid_llm_relation_enriched_seed2,0,0.8666666666666667,0.8,1.0,0.8888888888888888,0.9732142857142858
paper_common,none,3,valid_llm_relation_enriched_seed2,0,0.8666666666666667,0.8,1.0,0.8888888888888888,0.9732142857142858
paper_common,l2,3,valid_llm_relation_enriched_seed2,0,0.8666666666666667,0.8,1.0,0.8888888888888888,0.9732142857142858
paper_common,none,4,valid_llm_relation_enriched_seed2,0,0.9,0.8421052631578947,1.0,0.9142857142857143,1.0
paper_common,l2,4,valid_llm_relation_enriched_seed2,0,0.8666666666666667,0.8,1.0,0.8888888888888888,1.0
paper_common,none,42,valid_llm_relation_enriched_seed2,0,0.9,0.8421052631578947,1.0,0.9142857142857143,0.9732142857142858
paper_common,l2,42,valid_llm_relation_enriched_seed2,0,0.9333333333333333,0.8888888888888888,1.0,0.9411764705882353,0.9732142857142858
paper_common,none,0,valid_llm_relation_enriched_seed2,1,0.8666666666666667,0.875,0.875,0.875,0.9553571428571428
paper_common,l2,0,valid_llm_relation_enriched_seed2,1,0.8666666666666667,0.875,0.875,0.875,0.9464285714285714
paper_common,none,1,valid_llm_relation_enriched_seed2,1,0.8666666666666667,0.875,0.875,0.875,0.9821428571428572
paper_common,l2,1,valid_llm_relation_enriched_seed2,1,0.8666666666666667,0.875,0.875,0.875,0.9732142857142857
paper_common,none,2,valid_llm_relation_enriched_seed2,1,0.8666666666666667,0.875,0.875,0.875,0.9821428571428572
paper_common,l2,2,valid_llm_relation_enriched_seed2,1,0.8666666666666667,0.875,0.875,0.875,0.9821428571428572
paper_common,none,3,valid_llm_relation_enriched_seed2,1,0.9333333333333333,0.8888888888888888,1.0,0.9411764705882353,0.9821428571428572
paper_common,l2,3,valid_llm_relation_enriched_seed2,1,0.9333333333333333,0.8888888888888888,1.0,0.9411764705882353,0.9821428571428572
paper_common,none,4,valid_llm_relation_enriched_seed2,1,0.8666666666666667,0.875,0.875,0.875,0.9821428571428572
paper_common,l2,4,valid_llm_relation_enriched_seed2,1,0.8666666666666667,0.875,0.875,0.875,0.9732142857142857
paper_common,none,42,valid_llm_relation_enriched_seed2,1,0.8666666666666667,0.875,0.875,0.875,0.9776785714285715
paper_common,l2,42,valid_llm_relation_enriched_seed2,1,0.8666666666666667,0.875,0.875,0.875,0.9821428571428572
paper_common,none,0,valid_llm_relation_enriched_seed2,2,0.8666666666666667,0.8,1.0,0.8888888888888888,0.9910714285714286
paper_common,l2,0,valid_llm_relation_enriched_seed2,2,0.8666666666666667,0.8,1.0,0.8888888888888888,0.9910714285714286
paper_common,none,1,valid_llm_relation_enriched_seed2,2,0.8666666666666667,0.8,1.0,0.8888888888888888,1.0
paper_common,l2,1,valid_llm_relation_enriched_seed2,2,0.8666666666666667,0.8,1.0,0.8888888888888888,0.9910714285714286
paper_common,none,2,valid_llm_relation_enriched_seed2,2,0.9,0.8421052631578947,1.0,0.9142857142857143,1.0
paper_common,l2,2,valid_llm_relation_enriched_seed2,2,0.9,0.8421052631578947,1.0,0.9142857142857143,1.0
paper_common,none,3,valid_llm_relation_enriched_seed2,2,0.8666666666666667,0.8,1.0,0.8888888888888888,1.0
paper_common,l2,3,valid_llm_relation_enriched_seed2,2,0.8666666666666667,0.8,1.0,0.8888888888888888,1.0
paper_common,none,4,valid_llm_relation_enriched_seed2,2,0.8666666666666667,0.8,1.0,0.8888888888888888,1.0
paper_common,l2,4,valid_llm_relation_enriched_seed2,2,0.8666666666666667,0.8,1.0,0.8888888888888888,1.0
paper_common,none,42,valid_llm_relation_enriched_seed2,2,0.9666666666666667,0.9411764705882353,1.0,0.9696969696969697,1.0
paper_common,l2,42,valid_llm_relation_enriched_seed2,2,0.9666666666666667,0.9411764705882353,1.0,0.9696969696969697,1.0
paper_common,none,0,valid_llm_relation_enriched_seed2,3,0.9333333333333333,1.0,0.875,0.9333333333333333,0.9732142857142857
paper_common,l2,0,valid_llm_relation_enriched_seed2,3,0.9333333333333333,1.0,0.875,0.9333333333333333,0.9732142857142857
paper_common,none,1,valid_llm_relation_enriched_seed2,3,0.9666666666666667,0.9411764705882353,1.0,0.9696969696969697,0.9910714285714286
paper_common,l2,1,valid_llm_relation_enriched_seed2,3,0.9666666666666667,0.9411764705882353,1.0,0.9696969696969697,0.9910714285714286
paper_common,none,2,valid_llm_relation_enriched_seed2,3,0.9,0.9333333333333333,0.875,0.9032258064516129,0.9821428571428572
paper_common,l2,2,valid_llm_relation_enriched_seed2,3,0.9,0.9333333333333333,0.875,0.9032258064516129,0.9910714285714286
paper_common,none,3,valid_llm_relation_enriched_seed2,3,0.9666666666666667,0.9411764705882353,1.0,0.9696969696969697,1.0
paper_common,l2,3,valid_llm_relation_enriched_seed2,3,0.9666666666666667,0.9411764705882353,1.0,0.9696969696969697,1.0
paper_common,none,4,valid_llm_relation_enriched_seed2,3,0.9666666666666667,0.9411764705882353,1.0,0.9696969696969697,0.9910714285714286
paper_common,l2,4,valid_llm_relation_enriched_seed2,3,0.9,0.9333333333333333,0.875,0.9032258064516129,0.9910714285714286
paper_common,none,42,valid_llm_relation_enriched_seed2,3,0.9666666666666667,0.9411764705882353,1.0,0.9696969696969697,1.0
paper_common,l2,42,valid_llm_relation_enriched_seed2,3,0.9666666666666667,0.9411764705882353,1.0,0.9696969696969697,0.9910714285714286
paper_common,none,0,valid_llm_relation_enriched_seed2,4,0.9666666666666667,0.9411764705882353,1.0,0.9696969696969697,1.0
paper_common,l2,0,valid_llm_relation_enriched_seed2,4,0.9333333333333333,0.8888888888888888,1.0,0.9411764705882353,1.0
paper_common,none,1,valid_llm_relation_enriched_seed2,4,1.0,1.0,1.0,1.0,1.0
paper_common,l2,1,valid_llm_relation_enriched_seed2,4,0.9666666666666667,0.9411764705882353,1.0,0.9696969696969697,1.0
paper_common,none,2,valid_llm_relation_enriched_seed2,4,1.0,1.0,1.0,1.0,1.0
paper_common,l2,2,valid_llm_relation_enriched_seed2,4,1.0,1.0,1.0,1.0,1.0
paper_common,none,3,valid_llm_relation_enriched_seed2,4,0.9666666666666667,0.9411764705882353,1.0,0.9696969696969697,1.0
paper_common,l2,3,valid_llm_relation_enriched_seed2,4,0.9666666666666667,0.9411764705882353,1.0,0.9696969696969697,1.0
paper_common,none,4,valid_llm_relation_enriched_seed2,4,0.9666666666666667,0.9411764705882353,1.0,0.9696969696969697,1.0
paper_common,l2,4,valid_llm_relation_enriched_seed2,4,0.9666666666666667,0.9411764705882353,1.0,0.9696969696969697,1.0
paper_common,none,42,valid_llm_relation_enriched_seed2,4,0.9333333333333333,1.0,0.875,0.9333333333333333,1.0
paper_common,l2,42,valid_llm_relation_enriched_seed2,4,0.9333333333333333,1.0,0.875,0.9333333333333333,1.0
paper_common,none,0,valid_llm_relation_enriched_seed3,0,0.9310344827586207,0.8888888888888888,1.0,0.9411764705882353,1.0
paper_common,l2,0,valid_llm_relation_enriched_seed3,0,0.9310344827586207,0.8888888888888888,1.0,0.9411764705882353,1.0
paper_common,none,1,valid_llm_relation_enriched_seed3,0,0.9310344827586207,0.8888888888888888,1.0,0.9411764705882353,1.0
paper_common,l2,1,valid_llm_relation_enriched_seed3,0,0.9310344827586207,0.8888888888888888,1.0,0.9411764705882353,1.0
paper_common,none,2,valid_llm_relation_enriched_seed3,0,0.9310344827586207,0.8888888888888888,1.0,0.9411764705882353,1.0
paper_common,l2,2,valid_llm_relation_enriched_seed3,0,0.9310344827586207,0.8888888888888888,1.0,0.9411764705882353,1.0
paper_common,none,3,valid_llm_relation_enriched_seed3,0,1.0,1.0,1.0,1.0,1.0
paper_common,l2,3,valid_llm_relation_enriched_seed3,0,1.0,1.0,1.0,1.0,1.0
paper_common,none,4,valid_llm_relation_enriched_seed3,0,0.9310344827586207,0.8888888888888888,1.0,0.9411764705882353,1.0
paper_common,l2,4,valid_llm_relation_enriched_seed3,0,0.9310344827586207,0.8888888888888888,1.0,0.9411764705882353,1.0
paper_common,none,42,valid_llm_relation_enriched_seed3,0,0.9655172413793104,0.9411764705882353,1.0,0.9696969696969697,1.0
paper_common,l2,42,valid_llm_relation_enriched_seed3,0,0.9655172413793104,0.9411764705882353,1.0,0.9696969696969697,1.0
paper_common,none,0,valid_llm_relation_enriched_seed3,1,0.9310344827586207,0.8888888888888888,1.0,0.9411764705882353,1.0
paper_common,l2,0,valid_llm_relation_enriched_seed3,1,0.896551724137931,0.8421052631578947,1.0,0.9142857142857143,1.0
paper_common,none,1,valid_llm_relation_enriched_seed3,1,0.896551724137931,0.8421052631578947,1.0,0.9142857142857143,1.0
paper_common,l2,1,valid_llm_relation_enriched_seed3,1,0.896551724137931,0.8421052631578947,1.0,0.9142857142857143,1.0
paper_common,none,2,valid_llm_relation_enriched_seed3,1,0.9310344827586207,0.8888888888888888,1.0,0.9411764705882353,0.9807692307692308
paper_common,l2,2,valid_llm_relation_enriched_seed3,1,0.9310344827586207,0.8888888888888888,1.0,0.9411764705882353,0.9807692307692308
paper_common,none,3,valid_llm_relation_enriched_seed3,1,0.9310344827586207,0.8888888888888888,1.0,0.9411764705882353,1.0
paper_common,l2,3,valid_llm_relation_enriched_seed3,1,0.9310344827586207,0.8888888888888888,1.0,0.9411764705882353,1.0
paper_common,none,4,valid_llm_relation_enriched_seed3,1,1.0,1.0,1.0,1.0,1.0
paper_common,l2,4,valid_llm_relation_enriched_seed3,1,1.0,1.0,1.0,1.0,1.0
paper_common,none,42,valid_llm_relation_enriched_seed3,1,0.896551724137931,0.8421052631578947,1.0,0.9142857142857143,1.0
paper_common,l2,42,valid_llm_relation_enriched_seed3,1,0.9655172413793104,0.9411764705882353,1.0,0.9696969696969697,1.0
paper_common,none,0,valid_llm_relation_enriched_seed3,2,0.9655172413793104,1.0,0.9375,0.967741935483871,0.9615384615384616
paper_common,l2,0,valid_llm_relation_enriched_seed3,2,0.9655172413793104,1.0,0.9375,0.967741935483871,0.9663461538461539
paper_common,none,1,valid_llm_relation_enriched_seed3,2,0.9655172413793104,1.0,0.9375,0.967741935483871,0.9903846153846154
paper_common,l2,1,valid_llm_relation_enriched_seed3,2,0.9655172413793104,1.0,0.9375,0.967741935483871,0.9951923076923077
paper_common,none,2,valid_llm_relation_enriched_seed3,2,0.9655172413793104,1.0,0.9375,0.967741935483871,0.9711538461538461
paper_common,l2,2,valid_llm_relation_enriched_seed3,2,0.9655172413793104,1.0,0.9375,0.967741935483871,0.9663461538461539
paper_common,none,3,valid_llm_relation_enriched_seed3,2,0.9655172413793104,1.0,0.9375,0.967741935483871,0.9759615384615385
paper_common,l2,3,valid_llm_relation_enriched_seed3,2,0.9310344827586207,0.9375,0.9375,0.9375,0.9807692307692308
paper_common,none,4,valid_llm_relation_enriched_seed3,2,0.9655172413793104,1.0,0.9375,0.967741935483871,0.9903846153846154
paper_common,l2,4,valid_llm_relation_enriched_seed3,2,0.9655172413793104,1.0,0.9375,0.967741935483871,0.9807692307692308
paper_common,none,42,valid_llm_relation_enriched_seed3,2,0.9310344827586207,0.9375,0.9375,0.9375,0.9423076923076923
paper_common,l2,42,valid_llm_relation_enriched_seed3,2,0.9310344827586207,0.9375,0.9375,0.9375,0.9615384615384616
paper_common,none,0,valid_llm_relation_enriched_seed3,3,0.8620689655172413,0.9285714285714286,0.8125,0.8666666666666667,0.9711538461538463
paper_common,l2,0,valid_llm_relation_enriched_seed3,3,0.8620689655172413,0.9285714285714286,0.8125,0.8666666666666667,0.9711538461538463
paper_common,none,1,valid_llm_relation_enriched_seed3,3,0.9655172413793104,0.9411764705882353,1.0,0.9696969696969697,1.0
paper_common,l2,1,valid_llm_relation_enriched_seed3,3,0.9655172413793104,0.9411764705882353,1.0,0.9696969696969697,1.0
paper_common,none,2,valid_llm_relation_enriched_seed3,3,1.0,1.0,1.0,1.0,1.0
paper_common,l2,2,valid_llm_relation_enriched_seed3,3,1.0,1.0,1.0,1.0,1.0
paper_common,none,3,valid_llm_relation_enriched_seed3,3,1.0,1.0,1.0,1.0,1.0
paper_common,l2,3,valid_llm_relation_enriched_seed3,3,1.0,1.0,1.0,1.0,1.0
paper_common,none,4,valid_llm_relation_enriched_seed3,3,1.0,1.0,1.0,1.0,1.0
paper_common,l2,4,valid_llm_relation_enriched_seed3,3,1.0,1.0,1.0,1.0,1.0
paper_common,none,42,valid_llm_relation_enriched_seed3,3,0.8275862068965517,0.8235294117647058,0.875,0.8484848484848485,0.9615384615384616
paper_common,l2,42,valid_llm_relation_enriched_seed3,3,0.8620689655172413,0.875,0.875,0.875,0.971153846153846
paper_common,none,0,valid_llm_relation_enriched_seed3,4,1.0,1.0,1.0,1.0,1.0
paper_common,l2,0,valid_llm_relation_enriched_seed3,4,0.9310344827586207,1.0,0.875,0.9333333333333333,1.0
paper_common,none,1,valid_llm_relation_enriched_seed3,4,1.0,1.0,1.0,1.0,1.0
paper_common,l2,1,valid_llm_relation_enriched_seed3,4,1.0,1.0,1.0,1.0,1.0
paper_common,none,2,valid_llm_relation_enriched_seed3,4,1.0,1.0,1.0,1.0,1.0
paper_common,l2,2,valid_llm_relation_enriched_seed3,4,0.9655172413793104,0.9411764705882353,1.0,0.9696969696969697,1.0
paper_common,none,3,valid_llm_relation_enriched_seed3,4,1.0,1.0,1.0,1.0,1.0
paper_common,l2,3,valid_llm_relation_enriched_seed3,4,1.0,1.0,1.0,1.0,1.0
paper_common,none,4,valid_llm_relation_enriched_seed3,4,1.0,1.0,1.0,1.0,1.0
paper_common,l2,4,valid_llm_relation_enriched_seed3,4,1.0,1.0,1.0,1.0,1.0
paper_common,none,42,valid_llm_relation_enriched_seed3,4,0.8620689655172413,0.875,0.875,0.875,0.9807692307692308
paper_common,l2,42,valid_llm_relation_enriched_seed3,4,0.8620689655172413,0.875,0.875,0.875,0.9807692307692308
paper_common,none,0,valid_llm_relation_enriched_seed4,0,0.9333333333333333,0.8888888888888888,1.0,0.9411764705882353,1.0
paper_common,l2,0,valid_llm_relation_enriched_seed4,0,0.9333333333333333,0.8888888888888888,1.0,0.9411764705882353,1.0
paper_common,none,1,valid_llm_relation_enriched_seed4,0,0.9333333333333333,0.8888888888888888,1.0,0.9411764705882353,1.0
paper_common,l2,1,valid_llm_relation_enriched_seed4,0,0.9333333333333333,0.8888888888888888,1.0,0.9411764705882353,1.0
paper_common,none,2,valid_llm_relation_enriched_seed4,0,0.9333333333333333,0.8888888888888888,1.0,0.9411764705882353,1.0
paper_common,l2,2,valid_llm_relation_enriched_seed4,0,0.9333333333333333,0.8888888888888888,1.0,0.9411764705882353,1.0
paper_common,none,3,valid_llm_relation_enriched_seed4,0,1.0,1.0,1.0,1.0,1.0
paper_common,l2,3,valid_llm_relation_enriched_seed4,0,1.0,1.0,1.0,1.0,1.0
paper_common,none,4,valid_llm_relation_enriched_seed4,0,0.9666666666666667,0.9411764705882353,1.0,0.9696969696969697,1.0
paper_common,l2,4,valid_llm_relation_enriched_seed4,0,0.9666666666666667,0.9411764705882353,1.0,0.9696969696969697,1.0
paper_common,none,42,valid_llm_relation_enriched_seed4,0,0.9333333333333333,0.8888888888888888,1.0,0.9411764705882353,0.9821428571428572
paper_common,l2,42,valid_llm_relation_enriched_seed4,0,0.9333333333333333,0.8888888888888888,1.0,0.9411764705882353,0.9821428571428572
paper_common,none,0,valid_llm_relation_enriched_seed4,1,0.9,0.8421052631578947,1.0,0.9142857142857143,0.9598214285714286
paper_common,l2,0,valid_llm_relation_enriched_seed4,1,0.9,0.8421052631578947,1.0,0.9142857142857143,0.9553571428571428
paper_common,none,1,valid_llm_relation_enriched_seed4,1,0.9,0.8421052631578947,1.0,0.9142857142857143,0.9642857142857143
paper_common,l2,1,valid_llm_relation_enriched_seed4,1,0.9,0.8421052631578947,1.0,0.9142857142857143,0.9642857142857143
paper_common,none,2,valid_llm_relation_enriched_seed4,1,0.9,0.8421052631578947,1.0,0.9142857142857143,0.9776785714285715
paper_common,l2,2,valid_llm_relation_enriched_seed4,1,0.9333333333333333,0.8888888888888888,1.0,0.9411764705882353,0.9776785714285715
paper_common,none,3,valid_llm_relation_enriched_seed4,1,0.9333333333333333,0.8888888888888888,1.0,0.9411764705882353,0.9776785714285715
paper_common,l2,3,valid_llm_relation_enriched_seed4,1,0.9333333333333333,0.8888888888888888,1.0,0.9411764705882353,0.9910714285714286
paper_common,none,4,valid_llm_relation_enriched_seed4,1,0.9,0.8421052631578947,1.0,0.9142857142857143,0.9776785714285715
paper_common,l2,4,valid_llm_relation_enriched_seed4,1,0.9,0.8421052631578947,1.0,0.9142857142857143,0.9776785714285715
paper_common,none,42,valid_llm_relation_enriched_seed4,1,0.9666666666666667,0.9411764705882353,1.0,0.9696969696969697,0.9776785714285715
paper_common,l2,42,valid_llm_relation_enriched_seed4,1,0.9666666666666667,0.9411764705882353,1.0,0.9696969696969697,0.9776785714285715
paper_common,none,0,valid_llm_relation_enriched_seed4,2,0.9666666666666667,0.9411764705882353,1.0,0.9696969696969697,0.9866071428571429
paper_common,l2,0,valid_llm_relation_enriched_seed4,2,0.9666666666666667,0.9411764705882353,1.0,0.9696969696969697,0.9910714285714286
paper_common,none,1,valid_llm_relation_enriched_seed4,2,0.9666666666666667,0.9411764705882353,1.0,0.9696969696969697,0.9955357142857143
paper_common,l2,1,valid_llm_relation_enriched_seed4,2,0.9333333333333333,0.8888888888888888,1.0,0.9411764705882353,0.9955357142857143
paper_common,none,2,valid_llm_relation_enriched_seed4,2,0.9333333333333333,0.8888888888888888,1.0,0.9411764705882353,1.0
paper_common,l2,2,valid_llm_relation_enriched_seed4,2,0.9666666666666667,0.9411764705882353,1.0,0.9696969696969697,1.0
paper_common,none,3,valid_llm_relation_enriched_seed4,2,0.9666666666666667,0.9411764705882353,1.0,0.9696969696969697,1.0
paper_common,l2,3,valid_llm_relation_enriched_seed4,2,0.9666666666666667,0.9411764705882353,1.0,0.9696969696969697,1.0
paper_common,none,4,valid_llm_relation_enriched_seed4,2,0.9666666666666667,0.9411764705882353,1.0,0.9696969696969697,1.0
paper_common,l2,4,valid_llm_relation_enriched_seed4,2,0.9666666666666667,0.9411764705882353,1.0,0.9696969696969697,1.0
paper_common,none,42,valid_llm_relation_enriched_seed4,2,0.9666666666666667,0.9411764705882353,1.0,0.9696969696969697,1.0
paper_common,l2,42,valid_llm_relation_enriched_seed4,2,0.9666666666666667,0.9411764705882353,1.0,0.9696969696969697,1.0
paper_common,none,0,valid_llm_relation_enriched_seed4,3,0.8666666666666667,0.875,0.875,0.875,0.9553571428571428
paper_common,l2,0,valid_llm_relation_enriched_seed4,3,0.8333333333333334,0.8235294117647058,0.875,0.8484848484848485,0.9464285714285714
paper_common,none,1,valid_llm_relation_enriched_seed4,3,0.9666666666666667,0.9411764705882353,1.0,0.9696969696969697,0.9910714285714286
paper_common,l2,1,valid_llm_relation_enriched_seed4,3,0.9,0.9333333333333333,0.875,0.9032258064516129,0.9910714285714286
paper_common,none,2,valid_llm_relation_enriched_seed4,3,0.9,0.9333333333333333,0.875,0.9032258064516129,0.9910714285714286
paper_common,l2,2,valid_llm_relation_enriched_seed4,3,0.9,0.9333333333333333,0.875,0.9032258064516129,0.9910714285714286
paper_common,none,3,valid_llm_relation_enriched_seed4,3,0.9333333333333333,1.0,0.875,0.9333333333333333,0.9910714285714286
paper_common,l2,3,valid_llm_relation_enriched_seed4,3,0.9,0.9333333333333333,0.875,0.9032258064516129,0.9910714285714286
paper_common,none,4,valid_llm_relation_enriched_seed4,3,0.9333333333333333,0.8888888888888888,1.0,0.9411764705882353,0.9910714285714286
paper_common,l2,4,valid_llm_relation_enriched_seed4,3,0.9333333333333333,0.8888888888888888,1.0,0.9411764705882353,0.9821428571428572
paper_common,none,42,valid_llm_relation_enriched_seed4,3,0.9333333333333333,0.8888888888888888,1.0,0.9411764705882353,0.9642857142857143
paper_common,l2,42,valid_llm_relation_enriched_seed4,3,0.9333333333333333,0.8888888888888888,1.0,0.9411764705882353,0.9642857142857143
paper_common,none,0,valid_llm_relation_enriched_seed4,4,0.8333333333333334,0.8235294117647058,0.875,0.8484848484848485,0.9642857142857143
paper_common,l2,0,valid_llm_relation_enriched_seed4,4,0.9,0.8421052631578947,1.0,0.9142857142857143,0.9553571428571428
paper_common,none,1,valid_llm_relation_enriched_seed4,4,0.9,0.8421052631578947,1.0,0.9142857142857143,0.9776785714285715
paper_common,l2,1,valid_llm_relation_enriched_seed4,4,0.9,0.8421052631578947,1.0,0.9142857142857143,0.9866071428571429
paper_common,none,2,valid_llm_relation_enriched_seed4,4,0.9333333333333333,0.8888888888888888,1.0,0.9411764705882353,0.9910714285714286
paper_common,l2,2,valid_llm_relation_enriched_seed4,4,0.9333333333333333,0.8888888888888888,1.0,0.9411764705882353,0.9821428571428572
paper_common,none,3,valid_llm_relation_enriched_seed4,4,0.9,0.8421052631578947,1.0,0.9142857142857143,1.0
paper_common,l2,3,valid_llm_relation_enriched_seed4,4,0.9,0.8421052631578947,1.0,0.9142857142857143,1.0
paper_common,none,4,valid_llm_relation_enriched_seed4,4,0.9333333333333333,0.8888888888888888,1.0,0.9411764705882353,0.9866071428571429
paper_common,l2,4,valid_llm_relation_enriched_seed4,4,0.9333333333333333,0.8888888888888888,1.0,0.9411764705882353,0.9776785714285715
paper_common,none,42,valid_llm_relation_enriched_seed4,4,0.8,0.7777777777777778,0.875,0.8235294117647058,0.9508928571428571
paper_common,l2,42,valid_llm_relation_enriched_seed4,4,0.8333333333333334,0.8235294117647058,0.875,0.8484848484848485,0.9598214285714286
full_dna,saved_private,42,valid_llm_relation_enriched_seed0,0,0.8823529411764706,1.0,0.7647058823529411,0.8666666666666667,0.9377162629757785
full_dna,saved_private,42,valid_llm_relation_enriched_seed0,1,0.8823529411764706,0.8095238095238095,1.0,0.8947368421052632,0.9826989619377162
full_dna,saved_private,42,valid_llm_relation_enriched_seed0,2,0.8529411764705882,0.9285714285714286,0.7647058823529411,0.8387096774193549,0.7820069204152248
full_dna,saved_private,42,valid_llm_relation_enriched_seed0,3,0.8235294117647058,0.8235294117647058,0.8235294117647058,0.8235294117647058,0.8858131487889273
full_dna,saved_private,42,valid_llm_relation_enriched_seed0,4,0.8823529411764706,0.8421052631578947,0.9411764705882353,0.8888888888888888,0.9515570934256056
full_dna,saved_private,42,valid_llm_relation_enriched_seed1,0,0.9411764705882353,0.8947368421052632,1.0,0.9444444444444444,0.986159169550173
full_dna,saved_private,42,valid_llm_relation_enriched_seed1,1,0.8823529411764706,0.8823529411764706,0.8823529411764706,0.8823529411764706,0.986159169550173
full_dna,saved_private,42,valid_llm_relation_enriched_seed1,2,0.7941176470588235,0.9166666666666666,0.6470588235294118,0.7586206896551724,0.8096885813148789
full_dna,saved_private,42,valid_llm_relation_enriched_seed1,3,0.8823529411764706,0.9333333333333333,0.8235294117647058,0.875,0.8442906574394463
full_dna,saved_private,42,valid_llm_relation_enriched_seed1,4,0.8529411764705882,0.875,0.8235294117647058,0.8484848484848485,0.9238754325259515
full_dna,saved_private,42,valid_llm_relation_enriched_seed2,0,1.0,1.0,1.0,1.0,1.0
full_dna,saved_private,42,valid_llm_relation_enriched_seed2,1,0.8235294117647058,0.7894736842105263,0.8823529411764706,0.8333333333333334,0.9619377162629756
full_dna,saved_private,42,valid_llm_relation_enriched_seed2,2,0.8529411764705882,0.9285714285714286,0.7647058823529411,0.8387096774193549,0.8166089965397924
full_dna,saved_private,42,valid_llm_relation_enriched_seed2,3,0.9117647058823529,1.0,0.8235294117647058,0.9032258064516129,0.8546712802768166
full_dna,saved_private,42,valid_llm_relation_enriched_seed2,4,0.9705882352941176,1.0,0.9411764705882353,0.9696969696969697,0.9550173010380623
full_dna,saved_private,42,valid_llm_relation_enriched_seed3,0,0.9117647058823529,0.9375,0.8823529411764706,0.9090909090909091,0.972318339100346
full_dna,saved_private,42,valid_llm_relation_enriched_seed3,1,0.9705882352941176,0.9444444444444444,1.0,0.9714285714285714,0.986159169550173
full_dna,saved_private,42,valid_llm_relation_enriched_seed3,2,0.7647058823529411,0.7647058823529411,0.7647058823529411,0.7647058823529411,0.7923875432525951
full_dna,saved_private,42,valid_llm_relation_enriched_seed3,3,0.8235294117647058,0.8235294117647058,0.8235294117647058,0.8235294117647058,0.9688581314878892
full_dna,saved_private,42,valid_llm_relation_enriched_seed3,4,0.8235294117647058,0.7619047619047619,0.9411764705882353,0.8421052631578947,0.9515570934256056
full_dna,saved_private,42,valid_llm_relation_enriched_seed4,0,0.8235294117647058,0.7894736842105263,0.8823529411764706,0.8333333333333334,0.9238754325259515
full_dna,saved_private,42,valid_llm_relation_enriched_seed4,1,0.8823529411764706,0.8095238095238095,1.0,0.8947368421052632,1.0
full_dna,saved_private,42,valid_llm_relation_enriched_seed4,2,0.7352941176470589,0.7222222222222222,0.7647058823529411,0.7428571428571429,0.8581314878892734
full_dna,saved_private,42,valid_llm_relation_enriched_seed4,3,0.8823529411764706,0.9333333333333333,0.8235294117647058,0.875,0.9792387543252595
full_dna,saved_private,42,valid_llm_relation_enriched_seed4,4,0.8235294117647058,0.7619047619047619,0.9411764705882353,0.8421052631578947,0.9065743944636677
paper_common,saved_private,42,valid_llm_relation_enriched_seed0,0,0.9655172413793104,0.9375,1.0,0.967741935483871,0.9904761904761905
paper_common,saved_private,42,valid_llm_relation_enriched_seed0,1,0.9310344827586207,0.8823529411764706,1.0,0.9375,1.0
paper_common,saved_private,42,valid_llm_relation_enriched_seed0,2,0.7931034482758621,0.8461538461538461,0.7333333333333333,0.7857142857142857,0.8761904761904762
paper_common,saved_private,42,valid_llm_relation_enriched_seed0,3,0.9310344827586207,0.8823529411764706,1.0,0.9375,0.9714285714285714
paper_common,saved_private,42,valid_llm_relation_enriched_seed0,4,0.896551724137931,0.9285714285714286,0.8666666666666667,0.896551724137931,0.9428571428571428
paper_common,saved_private,42,valid_llm_relation_enriched_seed1,0,0.9,0.8333333333333334,1.0,0.9090909090909091,0.9733333333333334
paper_common,saved_private,42,valid_llm_relation_enriched_seed1,1,0.9,0.8333333333333334,1.0,0.9090909090909091,0.9955555555555555
paper_common,saved_private,42,valid_llm_relation_enriched_seed1,2,0.9666666666666667,0.9375,1.0,0.967741935483871,0.9955555555555555
paper_common,saved_private,42,valid_llm_relation_enriched_seed1,3,0.8666666666666667,0.7894736842105263,1.0,0.8823529411764706,1.0
paper_common,saved_private,42,valid_llm_relation_enriched_seed1,4,0.9333333333333333,0.8823529411764706,1.0,0.9375,0.9911111111111112
paper_common,saved_private,42,valid_llm_relation_enriched_seed2,0,0.9333333333333333,0.8888888888888888,1.0,0.9411764705882353,0.9732142857142858
paper_common,saved_private,42,valid_llm_relation_enriched_seed2,1,0.8666666666666667,0.875,0.875,0.875,0.9821428571428572
paper_common,saved_private,42,valid_llm_relation_enriched_seed2,2,0.9666666666666667,0.9411764705882353,1.0,0.9696969696969697,1.0
paper_common,saved_private,42,valid_llm_relation_enriched_seed2,3,0.9666666666666667,0.9411764705882353,1.0,0.9696969696969697,0.9910714285714286
paper_common,saved_private,42,valid_llm_relation_enriched_seed2,4,0.9333333333333333,1.0,0.875,0.9333333333333333,1.0
paper_common,saved_private,42,valid_llm_relation_enriched_seed3,0,0.9655172413793104,0.9411764705882353,1.0,0.9696969696969697,1.0
paper_common,saved_private,42,valid_llm_relation_enriched_seed3,1,0.9655172413793104,0.9411764705882353,1.0,0.9696969696969697,1.0
paper_common,saved_private,42,valid_llm_relation_enriched_seed3,2,0.9310344827586207,0.9375,0.9375,0.9375,0.9615384615384616
paper_common,saved_private,42,valid_llm_relation_enriched_seed3,3,0.8620689655172413,0.875,0.875,0.875,0.971153846153846
paper_common,saved_private,42,valid_llm_relation_enriched_seed3,4,0.8620689655172413,0.875,0.875,0.875,0.9807692307692308
paper_common,saved_private,42,valid_llm_relation_enriched_seed4,0,0.9333333333333333,0.8888888888888888,1.0,0.9411764705882353,0.9821428571428572
paper_common,saved_private,42,valid_llm_relation_enriched_seed4,1,0.9666666666666667,0.9411764705882353,1.0,0.9696969696969697,0.9776785714285715
paper_common,saved_private,42,valid_llm_relation_enriched_seed4,2,0.9666666666666667,0.9411764705882353,1.0,0.9696969696969697,1.0
paper_common,saved_private,42,valid_llm_relation_enriched_seed4,3,0.9333333333333333,0.8888888888888888,1.0,0.9411764705882353,0.9642857142857143
paper_common,saved_private,42,valid_llm_relation_enriched_seed4,4,0.8333333333333334,0.8235294117647058,0.875,0.8484848484848485,0.9598214285714286
